Date,Name,Year,Letterboxd URI,Rating,Rewatch,Tags,Watched Date
2019-09-24,Closeness,2017,https://boxd.it/OVkdX,3.5,,,2019-09-22
2019-09-24,On the Beach at Night Alone,2017,https://boxd.it/OWrzj,4,,,2019-09-24
2019-09-27,Burning,2018,https://boxd.it/P4NWl,4,,,2019-09-26
2019-09-29,Apocalypse Now,1979,https://boxd.it/PazuJ,5,,,2019-09-28
2019-10-01,Come and See,1985,https://boxd.it/Pi9RN,5,,,2019-09-29
2019-10-01,My Darling Clementine,1946,https://boxd.it/Pij9L,4,,,2019-09-30
2019-10-02,Odissea nell'ospizio,2019,https://boxd.it/PlrAB,2,,,2019-10-01
2019-10-03,The Rider,2017,https://boxd.it/PnrNf,3.5,,,2019-10-02
2019-10-04,The Assassination of Jesse James by the Coward Robert Ford,2007,https://boxd.it/Pt16B,4,,,2019-10-03
2019-10-06,The Beach Bum,2019,https://boxd.it/PxLWB,4.5,,,2019-10-04
2019-10-07,Loro,2018,https://boxd.it/PBrA9,4,,,2019-10-05
2019-10-07,Invisible Life,2019,https://boxd.it/PBrs5,4.5,Yes,,2019-10-06
2019-10-09,First Love,2019,https://boxd.it/PKDsJ,3.5,,,2019-10-08
2019-10-11,The Pirates! In an Adventure with Scientists!,2012,https://boxd.it/PRHnn,4.5,,,2019-10-10
2019-10-14,Gone Girl,2014,https://boxd.it/Q4uQ3,4,,,2019-10-11
2019-10-13,Barry Lyndon,1975,https://boxd.it/PZckD,5,,,2019-10-12
2019-10-14,El Camino: A Breaking Bad Movie,2019,https://boxd.it/Q4uUz,2.5,Yes,,2019-10-13
2019-10-15,Wallace & Gromit: The Curse of the Were-Rabbit,2005,https://boxd.it/Q8BRv,4.5,,,2019-10-14
2019-10-16,Shangri-La,2002,https://boxd.it/QcxBr,3,,,2019-10-15
2019-10-17,Killing Them Softly,2012,https://boxd.it/Qfk3H,4,,,2019-10-16
2019-10-23,Agitator,2001,https://boxd.it/QBqZh,3.5,,,2019-10-22
2019-10-26,Paddington,2014,https://boxd.it/QLzgF,3.5,,,2019-10-25
2019-10-29,Koyaanisqatsi,1982,https://boxd.it/QZlr3,4.5,,,2019-10-28
2019-10-30,Paddington 2,2017,https://boxd.it/R14NP,4,,,2019-10-29
2019-10-30,Team America: World Police,2004,https://boxd.it/R1f97,3,,,2019-10-29
2019-11-04,Ghostbusters,1984,https://boxd.it/Rj12R,3.5,,,2019-11-02
2019-11-05,Life Itself,2014,https://boxd.it/RphLv,3.5,,,2019-11-04
2019-11-05,Directed by John Ford,1971,https://boxd.it/RphWN,3,,,2019-11-04
2019-11-06,The Irishman,2019,https://boxd.it/RsxLn,4,,,2019-11-05
2019-11-08,"South Park: Bigger, Longer & Uncut",1999,https://boxd.it/Rzm4B,3.5,,,2019-11-07
2019-11-11,Fun Is Beautiful,1980,https://boxd.it/RJeqT,3,,,2019-11-09
2019-11-11,The Marquis of Grillo,1981,https://boxd.it/RKLgJ,3.5,,,2019-11-10
2019-11-13,"Bianco, rosso e Verdone",1981,https://boxd.it/RSwep,3.5,,,2019-11-12
2019-11-15,Borotalco,1982,https://boxd.it/RYODJ,3,,,2019-11-14
2019-11-17,Compagni di scuola,1988,https://boxd.it/S5dsX,4,,,2019-11-16
2019-11-18,The Informer,1935,https://boxd.it/ScnnR,4.5,,,2019-11-17
2019-11-19,The Report,2019,https://boxd.it/Sdq1B,3.5,,,2019-11-18
2019-11-19,The Bears' Famous Invasion of Sicily,2019,https://boxd.it/SdEYx,4,,,2019-11-18
2019-11-19,Young Ahmed,2019,https://boxd.it/SelpZ,3.5,,,2019-11-18
2019-11-21,The Lodger: A Story of the London Fog,1927,https://boxd.it/SjA1t,4,,,2019-11-19
2019-11-21,"I Love You, Daddy",2017,https://boxd.it/Sk7NP,2,,,2019-11-20
2019-11-22,Doctor Sleep,2019,https://boxd.it/Sofo7,3.5,,,2019-11-21
2019-11-23,I Walked with a Zombie,1943,https://boxd.it/Sr94L,4,,,2019-11-22
2019-11-23,Jojo Rabbit,2019,https://boxd.it/SrrST,3,,,2019-11-22
2019-11-24,True History of the Kelly Gang,2019,https://boxd.it/StQ31,2.5,,,2019-11-23
2019-11-24,Starfish,2018,https://boxd.it/SueIR,2.5,,,2019-11-23
2019-11-24,Synonyms,2019,https://boxd.it/SuJSX,3.5,,,2019-11-23
2019-11-25,The Bride of Frankenstein,1935,https://boxd.it/SzZ9z,5,Yes,,2019-11-23
2019-11-24,Guns Akimbo,2019,https://boxd.it/SvT8H,2,,,2019-11-24
2019-11-24,Blood Quantum,2019,https://boxd.it/SwkNd,3.5,,,2019-11-24
2019-11-24,The Lodge,2019,https://boxd.it/Sx8jx,3.5,,,2019-11-24
2019-11-24,Creature from the Black Lagoon,1954,https://boxd.it/Sx8yH,3.5,,,2019-11-24
2019-11-25,Vitalina Varela,2019,https://boxd.it/SyUeR,4,,,2019-11-24
2019-11-25,Ordet,1955,https://boxd.it/SzZqb,5,Yes,,2019-11-24
2019-11-26,Thor: Ragnarok,2017,https://boxd.it/SEFwX,4,Yes,,2019-11-25
2019-11-28,Maudit !,2019,https://boxd.it/SNhur,3,,,2019-11-27
2019-11-28,The Platform,2019,https://boxd.it/SLxjl,4,,,2019-11-28
2019-11-29,Onibaba,1964,https://boxd.it/SNu13,4,,,2019-11-28
2019-11-29,Greener Grass,2019,https://boxd.it/SNNRx,3,,,2019-11-28
2019-11-29,Queen & Slim,2019,https://boxd.it/SOnVl,3.5,,,2019-11-28
2019-11-29,Knives Out,2019,https://boxd.it/SQNhl,4,,,2019-11-29
2019-11-30,Space Dogs,2019,https://boxd.it/SR3Pj,4,,,2019-11-29
2019-11-30,Heimat Is a Space in Time,2019,https://boxd.it/SRww1,3,,,2019-11-29
2019-11-30,Frances Ferguson,2019,https://boxd.it/SRZ59,3,,,2019-11-29
2019-11-30,A Rainy Day in New York,2019,https://boxd.it/SUFSr,3,,,2019-11-29
2019-11-30,"A White, White Day",2019,https://boxd.it/SUT17,4,,,2019-11-30
2019-12-01,Beanpole,2019,https://boxd.it/SVaYF,4,,,2019-11-30
2019-12-01,Chiara Ferragni: Unposted,2019,https://boxd.it/SWbN1,3.5,,,2019-11-30
2019-12-01,Liberte,2019,https://boxd.it/SWY3B,4,,,2019-11-30
2019-12-03,Parasite,2019,https://boxd.it/T5Drl,4.5,,,2019-12-02
2019-12-03,Ford v Ferrari,2019,https://boxd.it/T6Imn,2.5,,,2019-12-03
2019-12-04,The Souvenir,2019,https://boxd.it/Tad59,3.5,,,2019-12-03
2019-12-05,Dolemite Is My Name,2019,https://boxd.it/TcjaN,3,,,2019-12-04
2019-12-06,The Aviator,2004,https://boxd.it/TiXOv,4.5,Yes,,2019-12-05
2019-12-07,Triple Frontier,2019,https://boxd.it/TkWXZ,3,,,2019-12-06
2019-12-08,Rocketman,2019,https://boxd.it/Tp3pD,3.5,,,2019-12-07
2019-12-09,La Grande Bouffe,1973,https://boxd.it/Tu5uP,5,,,2019-12-08
2019-12-10,It Must Be Heaven,2019,https://boxd.it/Tyqcb,4,,,2019-12-09
2019-12-11,The Wild Goose Lake,2019,https://boxd.it/TAON5,3.5,,,2019-12-10
2019-12-11,Bacurau,2019,https://boxd.it/TBCrt,4.5,,,2019-12-10
2019-12-12,Avengers: Infinity War,2018,https://boxd.it/TEX0z,3.5,,,2019-12-11
2019-12-12,Avengers: Endgame,2019,https://boxd.it/TFRsf,3.5,,,2019-12-11
2019-12-13,Zombi Child,2019,https://boxd.it/TJ3RR,3,,,2019-12-12
2019-12-13,High Flying Bird,2019,https://boxd.it/TJog3,3,,,2019-12-12
2019-12-15,Portrait of a Lady on Fire,2019,https://boxd.it/TOEXH,4,,,2019-12-14
2019-12-15,Serpico,1973,https://boxd.it/TSZGZ,4,,,2019-12-14
2019-12-16,Glass,2019,https://boxd.it/TVkVP,3.5,,,2019-12-15
2019-12-16,Ready or Not,2019,https://boxd.it/TVR9T,3,,,2019-12-15
2019-12-17,Uncut Gems,2019,https://boxd.it/U0pVl,4.5,,,2019-12-16
2019-12-18,Bliss,2019,https://boxd.it/U3Lz3,1.5,,,2019-12-17
2019-12-18,Monos,2019,https://boxd.it/U4bHd,3.5,,,2019-12-18
2019-12-19,Atlantics,2019,https://boxd.it/U7Dun,3,,,2019-12-18
2019-12-19,Tommaso,2019,https://boxd.it/U88sd,4,,,2019-12-18
2019-12-21,Isadora's Children,2019,https://boxd.it/UfHk3,3,,,2019-12-20
2019-12-21,The Lighthouse,2019,https://boxd.it/UgkEV,5,,,2019-12-20
2019-12-21,Il sindaco del Rione Sanità,2019,https://boxd.it/UgU6l,3.5,,,2019-12-20
2019-12-22,Pinocchio,2019,https://boxd.it/UiTRT,3,,,2019-12-21
2019-12-22,Bonnie and Clyde,1967,https://boxd.it/Ulasl,4.5,Yes,,2019-12-21
2019-12-23,To Be or Not to Be,1942,https://boxd.it/UqAcD,4.5,Yes,,2019-12-22
2019-12-24,Carol,2015,https://boxd.it/UvQix,4,Yes,,2019-12-23
2019-12-25,Indiana Jones and the Last Crusade,1989,https://boxd.it/UB23z,4.5,Yes,,2019-12-24
2019-12-26,Pom Poko,1994,https://boxd.it/UDZEj,4.5,,,2019-12-25
2019-12-26,Klaus,2019,https://boxd.it/UEZGr,3,,,2019-12-25
2019-12-26,The Lighthouse,2019,https://boxd.it/UFCiX,5,Yes,,2019-12-25
2019-12-27,Brazil,1985,https://boxd.it/ULygZ,5,Yes,,2019-12-26
2019-12-28,Belle de Jour,1967,https://boxd.it/UQMKT,4,Yes,,2019-12-27
2019-12-29,The Tale of the Princess Kaguya,2013,https://boxd.it/UWM2T,5,,,2019-12-28
2019-12-30,Star Wars: The Last Jedi,2017,https://boxd.it/V34j1,3.5,,,2019-12-29
2019-12-31,Holy Motors,2012,https://boxd.it/Vcoxv,5,Yes,,2019-12-30
2020-01-02,Wings of Desire,1987,https://boxd.it/VmIej,4.5,,,2020-01-01
2020-01-04,The Leopard,1963,https://boxd.it/VyvJx,4.5,Yes,,2020-01-02
2020-01-04,The Woman,2011,https://boxd.it/VAu2B,3.5,,,2020-01-03
2020-01-05,Shoplifters,2018,https://boxd.it/VHf47,4,Yes,,2020-01-04
2020-01-06,"Monsters, Inc.",2001,https://boxd.it/VOeyJ,5,Yes,,2020-01-05
2020-01-12,Honeymooners,1995,https://boxd.it/WimrL,4,,,2020-01-11
2020-01-15,The Ghost and Mrs. Muir,1947,https://boxd.it/WFx9f,4,,,2020-01-14
2020-01-19,Little Women,2019,https://boxd.it/X0Amj,3.5,,,2020-01-18
2020-01-23,The Ballad of Buster Scruggs,2018,https://boxd.it/Xnc3D,3.5,,,2020-01-21
2020-02-02,Spirited Away,2001,https://boxd.it/Ygfax,3.5,,,2020-01-31
2020-02-02,"Mektoub, My Love: Canto Uno",2017,https://boxd.it/YjzfD,4,,,2020-02-01
2020-02-03,The Pillow Book,1996,https://boxd.it/YncBf,3.5,,,2020-02-02
2020-02-04,Lupin the Third: The Castle of Cagliostro,1979,https://boxd.it/YujOp,3.5,,,2020-02-03
2020-02-05,Honey Boy,2019,https://boxd.it/Ywpij,3,,,2020-02-04
2020-02-06,Nausicaä of the Valley of the Wind,1984,https://boxd.it/YBIQp,4,,,2020-02-05
2020-02-07,My Neighbor Totoro,1988,https://boxd.it/YGjwT,4.5,,,2020-02-06
2020-02-08,1917,2019,https://boxd.it/YJBlv,3.5,,,2020-02-07
2020-02-08,Hammamet,2020,https://boxd.it/YK52X,3.5,,,2020-02-07
2020-02-08,Meeting Gorbachev,2018,https://boxd.it/YKM2B,3,,,2020-02-07
2020-02-09,The Adventures of Baron Munchausen,1988,https://boxd.it/YQhxb,4.5,,,2020-02-08
2020-02-11,Howl's Moving Castle,2004,https://boxd.it/Z6oub,4,,,2020-02-10
2020-02-12,The Meyerowitz Stories (New and Selected),2017,https://boxd.it/Z7EqB,3.5,,,2020-02-11
2020-02-12,A Serious Man,2009,https://boxd.it/Z7Et1,4.5,Yes,,2020-02-11
2020-02-12,Suspiria,2018,https://boxd.it/Zbo9H,4,Yes,,2020-02-11
2020-02-13,Richard Jewell,2019,https://boxd.it/ZdVEH,2.5,,,2020-02-12
2020-02-15,Detroit,2017,https://boxd.it/ZnKWl,4,Yes,,2020-02-14
2020-02-16,Fargo,1996,https://boxd.it/ZtmO5,4,Yes,,2020-02-15
2020-02-17,The House That Jack Built,2018,https://boxd.it/ZBTe1,4.5,Yes,,2020-02-16
2020-02-18,The Enigma of Kaspar Hauser,1974,https://boxd.it/ZHAzr,4.5,,,2020-02-17
2020-02-19,I Hate Summer,2020,https://boxd.it/ZNN5V,2.5,,,2020-02-18
2020-02-20,V.H.S.,,https://boxd.it/ZRF8F,3,,,2020-02-19
2020-02-21,Vice,2018,https://boxd.it/ZX7I7,3.5,,,2020-02-20
2020-02-21,Alice and the Mayor,2019,https://boxd.it/ZXtZ5,2.5,,,2020-02-20
2020-02-21,Madadayo,1993,https://boxd.it/ZYu5z,4,,,2020-02-21
2020-02-22,THX 1138,1971,https://boxd.it/102tJh,4,,,2020-02-21
2020-02-23,The Man Who Shot Liberty Valance,1962,https://boxd.it/106qQ3,4.5,,,2020-02-22
2020-02-23,Goltzius & the Pelican Company,2012,https://boxd.it/108uUd,3.5,,,2020-02-22
2020-02-24,CURRENT,,https://boxd.it/10huB9,3.5,,,2020-02-24
2020-02-25,Dead or Alive,1999,https://boxd.it/10ia7b,4,Yes,,2020-02-24
2020-02-26,A Perfect World,1993,https://boxd.it/10mChV,4.5,Yes,,2020-02-24
2020-02-26,Heaven's Gate,1980,https://boxd.it/10oDUX,5,Yes,,2020-02-25
2020-02-27,The Lost City of Z,2016,https://boxd.it/10su6R,4,Yes,,2020-02-26
2020-02-28,Suspiria,1977,https://boxd.it/10wLWD,4,Yes,,2020-02-27
2020-02-29,Dead or Alive 2: Birds,2000,https://boxd.it/10E68t,4.5,Yes,,2020-02-28
2020-03-02,All About My Mother,1999,https://boxd.it/10PX97,4,,,2020-03-02
2020-03-03,The Discreet Charm of the Bourgeoisie,1972,https://boxd.it/10S9fl,4.5,Yes,,2020-03-02
2020-03-04,Kiki's Delivery Service,1989,https://boxd.it/10YIV9,3.5,,,2020-03-03
2020-03-05,Princess Mononoke,1997,https://boxd.it/1114o1,4,Yes,,2020-03-04
2020-03-06,Raging Bull,1980,https://boxd.it/115QMj,5,Yes,,2020-03-05
2020-03-08,Casino,1995,https://boxd.it/11eIXB,4.5,Yes,,2020-03-07
2020-03-09,The Mystery of Picasso,1956,https://boxd.it/11krzT,4,,,2020-03-08
2020-03-09,Cool Cat Saves the Kids,2015,https://boxd.it/11lo67,5,,,2020-03-09
2020-03-09,Cool Cat's Crazy Dream,2019,,4,,,2020-03-09
2020-03-10,The Searchers,1956,https://boxd.it/11piTl,4,,,2020-03-09
2020-03-11,In the Mood for Love,2000,https://boxd.it/11toxD,4,,,2020-03-10
2020-03-11,Fateful Findings,2013,https://boxd.it/11u1dR,4,,,2020-03-11
2020-03-12,The Fanatic,2019,https://boxd.it/11xXEx,1.5,,,2020-03-12
2020-03-13,Memories of Murder,2003,https://boxd.it/11B8Oz,4.5,Yes,,2020-03-12
2020-03-14,The Man Who Would Be King,1975,https://boxd.it/11Fe6V,3.5,,,2020-03-13
2020-03-15,Giorni,2020,https://boxd.it/11KlBL,5,,,2020-03-14
2020-03-16,Ponyo,2008,https://boxd.it/11NShb,3.5,,,2020-03-15
2020-03-16,How Green Was My Valley,1941,https://boxd.it/11RIZ1,4.5,,,2020-03-15
2020-03-20,La Flor,2018,https://boxd.it/12eA1N,5,,,2020-03-20
2020-03-21,My Winnipeg,2007,https://boxd.it/12kc2T,2.5,,,2020-03-21
2020-03-21,The Hunt,2020,https://boxd.it/12kQpD,2,,,2020-03-21
2020-03-22,Tokyo Tribe,2014,https://boxd.it/12qDRB,3.5,,,2020-03-21
2020-03-23,The Platform,2019,https://boxd.it/12ytwJ,3,Yes,,2020-03-22
2020-03-23,"Like Father, Like Son",2013,https://boxd.it/12zfe9,3,,,2020-03-22
2020-03-24,The Invisible Man,2020,https://boxd.it/12GnP7,3,,,2020-03-23
2020-03-25,Onward,2020,https://boxd.it/12MHav,4,,,2020-03-24
2020-03-26,Hope and Glory,1987,https://boxd.it/12UJGp,4,,,2020-03-26
2020-03-27,Death by Hanging,1968,https://boxd.it/1316jF,4,,,2020-03-27
2020-03-28,The Fisher King,1991,https://boxd.it/13a4rP,4,,,2020-03-28
2020-03-29,The Room,1992,https://boxd.it/13g27v,3,,,2020-03-29
2020-03-30,The World,2004,https://boxd.it/13oZj7,4.5,,,2020-03-30
2020-03-31,Poison,1991,https://boxd.it/13wkit,3.5,,,2020-03-31
2020-04-04,Satantango,1994,https://boxd.it/13Y73h,5,,,2020-04-03
2020-04-04,Twisted Pair,2018,https://boxd.it/141Sxf,4.5,,,2020-04-04
2020-04-05,Singin' in the Rain,1952,https://boxd.it/145GoD,5,Yes,,2020-04-04
2020-04-05,Sonic the Hedgehog,2020,https://boxd.it/146UuH,3,,,2020-04-05
2020-04-06,Cube,1997,https://boxd.it/14bDip,3,,,2020-04-05
2020-04-06,Southland Tales,2006,https://boxd.it/14flcB,4,Yes,,2020-04-06
2020-04-07,The Maltese Falcon,1941,https://boxd.it/14m0IP,4,,,2020-04-06
2020-04-08,The Other Side of the Wind,2018,https://boxd.it/14sXKn,4.5,Yes,,2020-04-07
2020-04-08,Fear,1954,https://boxd.it/14tXD9,2.5,,,2020-04-08
2020-04-10,Li'l Quinquin,2014,https://boxd.it/14GLEF,4,,,2020-04-09
2020-04-11,Reconstruction,1970,https://boxd.it/14LS1P,4,,,2020-04-10
2020-04-11,The Quiet Man,1952,https://boxd.it/14Petd,3.5,,,2020-04-10
2020-04-12,Q,1982,https://boxd.it/14Vt4z,3.5,,,2020-04-11
2020-04-12,All About Eve,1950,https://boxd.it/14XN1T,4.5,,,2020-04-11
2020-04-12,The Grapes of Wrath,1940,https://boxd.it/14ZnaT,5,Yes,,2020-04-12
2020-04-13,The Island,2006,https://boxd.it/1540Gx,3,,,2020-04-12
2020-04-13,Sleuth,1972,https://boxd.it/157lZ7,4,,,2020-04-12
2020-04-14,The Treasure of the Sierra Madre,1948,https://boxd.it/15dVl5,4.5,,,2020-04-13
2020-04-14,The Irishman,2019,https://boxd.it/15hmQF,4,Yes,,2020-04-13
2020-04-15,Godzilla,1954,https://boxd.it/15mbZL,4.5,,,2020-04-14
2020-04-15,Ballad of a Soldier,1959,https://boxd.it/15psB3,3.5,,,2020-04-15
2020-04-16,CoinCoin and the Extra-Humans,2018,https://boxd.it/15wftJ,4,,,2020-04-15
2020-04-16,Godzilla Raids Again,1955,https://boxd.it/15wg4P,2.5,,,2020-04-15
2020-04-17,King Kong vs. Godzilla,1962,https://boxd.it/15AEBh,3,,,2020-04-16
2020-04-17,The Silence of the Sea,1949,https://boxd.it/15DlcX,3.5,,,2020-04-16
2020-04-18,Mothra vs. Godzilla,1964,https://boxd.it/15JsmR,3.5,,,2020-04-17
2020-04-18,House,1977,https://boxd.it/15K6lf,4,,,2020-04-17
2020-04-19,The Asphalt Jungle,1950,https://boxd.it/15S5p7,4.5,,,2020-04-18
2020-04-19,Medium Cool,1969,https://boxd.it/15TqdX,4,,,2020-04-19
2020-04-20,Catchfire,1990,https://boxd.it/161LTV,3.5,,,2020-04-19
2020-04-21,Bad Trip,2021,https://boxd.it/169kjR,3.5,,,2020-04-20
2020-04-21,Walkabout,1971,https://boxd.it/16aeXN,4,,,2020-04-21
2020-04-22,"Suddenly, Last Summer",1959,https://boxd.it/16gkvn,4.5,,,2020-04-21
2020-04-22,"Live Like a Cop, Die Like a Man",1976,https://boxd.it/16haGd,3,,,2020-04-22
2020-04-23,Fat City,1972,https://boxd.it/16nlMX,4.5,,,2020-04-22
2020-04-24,Serial Rapist,1978,https://boxd.it/16uYYx,3.5,,,2020-04-24
2020-04-24,Visit,2020,https://boxd.it/16xIDp,2.5,,,2020-04-24
2020-04-25,Dodes'ka-den,1970,https://boxd.it/16CaKV,4,,,2020-04-25
2020-04-26,A Star Is Born,1954,https://boxd.it/16IuR5,5,,,2020-04-25
2020-04-26,Invasion of Astro-Monster,1965,https://boxd.it/16O51P,3.5,,,2020-04-26
2020-04-27,"Ebirah, Horror of the Deep",1966,https://boxd.it/16Qx1x,3,,,2020-04-26
2020-04-27,Days of Eclipse,1988,https://boxd.it/16SIGP,3.5,,,2020-04-27
2020-04-28,Son of Godzilla,1967,https://boxd.it/16ZbFD,3.5,,,2020-04-27
2020-04-28,Aliens,2017,https://boxd.it/16ZMZ1,3.5,,,2020-04-27
2020-04-28,Beastie Boys Story,2020,https://boxd.it/170Cq3,3.5,,,2020-04-27
2020-04-28,Megacities,1998,https://boxd.it/171tbZ,4,,,2020-04-28
2020-04-29,Destroy All Monsters,1968,https://boxd.it/176C7n,3,,,2020-04-28
2020-04-29,5 Fingers,1952,https://boxd.it/177n3x,4,,,2020-04-28
2020-04-30,King: A Filmed Record... Montgomery to Memphis,1970,https://boxd.it/17f2pX,4,,,2020-04-29
2020-05-01,Beauty and the Beast,1946,https://boxd.it/17mamB,4,,,2020-04-30
2020-05-02,Charade,1963,https://boxd.it/17tMjf,3.5,,,2020-05-01
2020-05-03,Reds,1981,https://boxd.it/17DGF5,3,,,2020-05-03
2020-05-04,Prizzi's Honor,1985,https://boxd.it/17IGI9,3.5,,,2020-05-03
2020-05-04,Shadows,1959,https://boxd.it/17JRQF,4,,,2020-05-03
2020-05-05,Paranoid Park,2007,https://boxd.it/17SX09,5,,,2020-05-04
2020-05-05,Dick Tracy,1990,https://boxd.it/17U83P,3.5,,,2020-05-05
2020-05-06,Too Late Blues,1961,https://boxd.it/180IzJ,4,,,2020-05-06
2020-05-07,The Mist,2007,https://boxd.it/186yC1,4,,,2020-05-06
2020-05-07,A Child Is Waiting,1963,https://boxd.it/187DG5,3.5,,,2020-05-07
2020-05-08,Faces,1968,https://boxd.it/18ervX,4,,,2020-05-08
2020-05-09,The Barefoot Contessa,1954,https://boxd.it/18kVIz,4,,,2020-05-08
2020-05-09,Godzilla vs. Hedorah,1971,https://boxd.it/18pk1j,4,,,2020-05-09
2020-05-10,The Blood of a Poet,1932,https://boxd.it/18rVzh,4,,,2020-05-09
2020-05-10,Orpheus,1950,https://boxd.it/18sORb,4,,,2020-05-10
2020-05-10,Fires Were Started,1943,https://boxd.it/18tur5,3.5,,,2020-05-10
2020-05-11,The Night of the Hunter,1955,https://boxd.it/18AMIn,5,,,2020-05-10
2020-05-11,Le Pont du Nord,1981,https://boxd.it/18C50B,4,,,2020-05-11
2020-05-12,Testament of Orpheus,1960,https://boxd.it/18IpK7,4.5,,,2020-05-11
2020-05-12,"Help Me, Eros",2007,https://boxd.it/18JqdZ,4.5,,,2020-05-12
2020-05-13,Paradise Hills,2019,https://boxd.it/18PI2n,2.5,,,2020-05-12
2020-05-14,"Muriel, or the Time of Return",1963,https://boxd.it/18WAAb,4,,,2020-05-13
2020-05-14,Bad Tales,2020,https://boxd.it/18XsDX,3,,,2020-05-14
2020-05-15,Husbands,1970,https://boxd.it/193Ihb,4,,,2020-05-15
2020-05-16,Earth,1930,https://boxd.it/198lA5,4.5,,,2020-05-15
2020-05-16,Wise Blood,1979,https://boxd.it/199GdD,4,,,2020-05-15
2020-05-17,The African Queen,1951,https://boxd.it/19gAmD,4,,,2020-05-16
2020-05-18,Capone,2020,https://boxd.it/19luJ7,3.5,,,2020-05-17
2020-05-18,Ran,1985,https://boxd.it/19mi7x,5,Yes,,2020-05-17
2020-05-18,Attention! Bandits!,1951,https://boxd.it/19phpr,3.5,,,2020-05-18
2020-05-19,The Philadelphia Story,1940,https://boxd.it/19wszh,4,,,2020-05-18
2020-05-20,Minnie and Moskowitz,1971,https://boxd.it/19DP1V,4,,,2020-05-19
2020-05-21,Fire,2015,https://boxd.it/19K0JV,3.5,,,2020-05-20
2020-05-21,Hole in the Sky,2001,https://boxd.it/19KQFr,4,,,2020-05-21
2020-05-22,Trouble Every Day,2001,https://boxd.it/19RiV5,3.5,,,2020-05-22
2020-05-23,The Night of the Iguana,1964,https://boxd.it/19Y07F,4,,,2020-05-23
2020-05-23,Rain On Me,2020,,3,,,2020-05-23
2020-05-24,The Howling,1981,https://boxd.it/1a4BvV,3.5,,,2020-05-23
2020-05-24,Balnearios,2002,https://boxd.it/1a5FTp,4,,,2020-05-24
2020-05-26,Tenet,2020,https://boxd.it/1ajcYt,,,,2020-05-25
2020-05-26,The Misfits,1961,https://boxd.it/1alyeL,4.5,,,2020-05-25
2020-05-27,The Forty-First,1956,https://boxd.it/1atj3z,4,,,2020-05-27
2020-05-28,The Ceremony,1971,https://boxd.it/1azYNl,5,,,2020-05-28
2020-05-29,Amour,2012,https://boxd.it/1aFV6F,4.5,,,2020-05-28
2020-05-29,Selfie,2019,https://boxd.it/1aIRaz,3.5,,,2020-05-28
2020-05-30,Lullaby of the Earth,1976,https://boxd.it/1aM6Kj,3.5,,,2020-05-30
2020-05-31,Antoine and Colette,1962,https://boxd.it/1aRZvX,3.5,,,2020-05-30
2020-05-31,A Woman Under the Influence,1974,https://boxd.it/1aTdRF,5,,,2020-05-31
2020-06-01,The Dead,1987,https://boxd.it/1aZJQV,4,,,2020-05-31
2020-06-02,The Killing of a Chinese Bookie,1976,https://boxd.it/1b6m2d,4,,,2020-06-02
2020-06-03,The Shining,1980,https://boxd.it/1bbTd9,5,Yes,,2020-06-02
2020-06-08,Cosmos,2015,https://boxd.it/1bJuGt,4,,,2020-06-07
2020-06-26,Annihilation,2018,https://boxd.it/1dy4XJ,3.5,,,2020-06-25
2020-06-26,Da 5 Bloods,2020,https://boxd.it/1dy5lr,3.5,,,2020-06-25
2020-06-26,Rumble Fish,1983,https://boxd.it/1dyWrd,4,Yes,,2020-06-25
2020-06-26,Making The Shining,1980,https://boxd.it/1dzb2n,3.5,,,2020-06-25
2020-06-26,Happiness,1998,https://boxd.it/1dzV37,4.5,,,2020-06-26
2020-06-27,I Am a Fugitive from a Chain Gang,1932,https://boxd.it/1dCOMv,4,,,2020-06-26
2020-06-27,Odd Man Out,1947,https://boxd.it/1dET85,4.5,,,2020-06-26
2020-06-28,Jour de fête,1949,https://boxd.it/1dITbr,4,,,2020-06-27
2020-06-28,The King of Staten Island,2020,https://boxd.it/1dLtlL,3.5,,,2020-06-28
2020-06-29,Om Dar-B-Dar,1988,https://boxd.it/1dQnST,4,,,2020-06-28
2020-06-29,Eurovision Song Contest: The Story of Fire Saga,2020,https://boxd.it/1dSddZ,3,,,2020-06-28
2020-06-29,Popstar: Never Stop Never Stopping,2016,https://boxd.it/1dVNdH,4,,,2020-06-29
2020-06-30,Cléo from 5 to 7,1962,https://boxd.it/1e2dmH,4.5,,,2020-06-30
2020-07-01,Women Reply,1975,https://boxd.it/1e2jDJ,4,,,2020-06-30
2020-07-07,That Most Important Thing: Love,1975,https://boxd.it/1eIujz,3.5,,,2020-07-07
2020-07-08,Opening Night,1977,https://boxd.it/1eOICH,4,,,2020-07-08
2020-07-09,The New Pope,2020,https://boxd.it/1eSQhP,3.5,,,2020-07-08
2020-07-09,Hamilton,2020,https://boxd.it/1eUPUb,3.5,,,2020-07-09
2020-07-10,They Were Expendable,1945,https://boxd.it/1eYms1,4,,,2020-07-09
2020-07-10,The Way Back,2020,https://boxd.it/1f0ef3,4,,,2020-07-10
2020-07-11,Mute,2018,https://boxd.it/1f4mJD,3,,,2020-07-10
2020-07-12,Only Angels Have Wings,1939,https://boxd.it/1faEC3,4,,,2020-07-11
2020-07-12,Titicut Follies,1967,https://boxd.it/1fde33,4,,,2020-07-11
2020-07-13,This Sporting Life,1963,https://boxd.it/1fhSsb,4.5,,,2020-07-12
2020-07-13,Possession,1981,https://boxd.it/1fm5f3,4.5,Yes,,2020-07-13
2020-07-14,First Cow,2019,https://boxd.it/1ft0RP,4,,,2020-07-14
2020-07-15,PlayTime,1967,https://boxd.it/1fwNbf,5,,,2020-07-14
2020-07-15,Relic,2020,https://boxd.it/1fzcZD,2.5,,,2020-07-15
2020-07-17,Gloria,1980,https://boxd.it/1fM8Sf,3.5,,,2020-07-17
2020-07-18,High School,1968,https://boxd.it/1fOTL5,4,,,2020-07-17
2020-07-18,Wagon Master,1950,https://boxd.it/1fPw1b,4,,,2020-07-17
2020-07-18,O Lucky Man!,1973,https://boxd.it/1fRMcD,4.5,,,2020-07-18
2020-07-18,Law and Order,1969,https://boxd.it/1fUO5F,4,,,2020-07-18
2020-07-19,Air Force,1943,https://boxd.it/1fYnuV,4,,,2020-07-19
2020-07-20,Pandora and the Flying Dutchman,1951,https://boxd.it/1g2iw1,4,,,2020-07-19
2020-07-20,The Public Woman,1984,https://boxd.it/1g6b01,4,,,2020-07-20
2020-07-20,Caravaggio,1986,https://boxd.it/1g9211,4,,,2020-07-20
2020-07-20,The Queen Is Dead,1986,https://boxd.it/1g92fn,3,,,2020-07-20
2020-07-21,A Streetcar Named Desire,1951,https://boxd.it/1gaCAN,4.5,,,2020-07-20
2020-07-21,Dragonwyck,1946,https://boxd.it/1gc9Jl,4,,,2020-07-21
2020-07-21,The Last Movie,1971,https://boxd.it/1gfmIr,4,,,2020-07-21
2020-07-22,Out of the Blue,1980,https://boxd.it/1ghRvx,4,,,2020-07-21
2020-07-23,Investigation of a Citizen Above Suspicion,1970,https://boxd.it/1glSWH,5,,,2020-07-22
2020-07-23,Devil in the Flesh,1947,https://boxd.it/1gohef,4,,,2020-07-23
2020-07-24,Welfare,1975,https://boxd.it/1grBVp,5,,,2020-07-23
2020-07-24,Trash Humpers,2009,https://boxd.it/1gtPgp,3.5,,,2020-07-23
2020-07-24,Julien Donkey-Boy,1999,https://boxd.it/1gujlp,4,,,2020-07-24
2020-07-25,My Darling Clementine,1946,https://boxd.it/1gzOWB,4.5,Yes,,2020-07-24
2020-07-25,Monsieur Hulot's Holiday,1953,https://boxd.it/1gAmR1,4,,,2020-07-25
2020-07-27,Trafic,1971,https://boxd.it/1gKvQ7,4,,,2020-07-26
2020-07-27,Love Streams,1984,https://boxd.it/1gOumN,4,,,2020-07-27
2020-08-03,The Illusionist,2010,https://boxd.it/1htHPv,4,,,2020-08-02
2020-08-03,Port of Shadows,1938,https://boxd.it/1hwBtz,4.5,,,2020-08-03
2020-08-04,Hospital,1970,https://boxd.it/1hCeYB,4,,,2020-08-03
2020-08-04,The Devil,1972,https://boxd.it/1hCTI5,4,,,2020-08-04
2020-08-05,Boudu Saved from Drowning,1932,https://boxd.it/1hJHeL,4,,,2020-08-05
2020-08-05,Palm Springs,2020,https://boxd.it/1hMH27,3.5,,,2020-08-05
2020-08-06,Grizzly Man,2005,https://boxd.it/1hNlEP,4,,,2020-08-05
2020-08-06,Citizens of the World,2019,https://boxd.it/1hNORX,3.5,,,2020-08-05
2020-08-06,Conviction,2018,https://boxd.it/1hPe0H,3.5,,,2020-08-05
2020-08-07,Somewhere in the Night,1946,https://boxd.it/1hVDHD,3.5,,,2020-08-07
2020-08-08,Britannia Hospital,1982,https://boxd.it/1i1rAR,4,,,2020-08-08
2020-08-09,A Day in the Country,1946,https://boxd.it/1i4Wbz,5,,,2020-08-08
2020-08-09,Four Bags Full,1956,https://boxd.it/1i8mgV,3.5,,,2020-08-09
2020-08-10,Hatari!,1962,https://boxd.it/1idH3X,4,,,2020-08-09
2020-08-12,Blue,1993,https://boxd.it/1ipWAV,4,,,2020-08-11
2020-08-12,High Life,2018,https://boxd.it/1irlYv,3.5,,,2020-08-11
2020-08-12,The Rules of the Game,1939,https://boxd.it/1ituM3,5,,,2020-08-12
2020-08-13,A Tree Grows in Brooklyn,1945,https://boxd.it/1ixXdf,4,,,2020-08-12
2020-08-13,Big Trouble,1986,https://boxd.it/1izItL,2.5,,,2020-08-13
2020-08-15,A Constant Forge,2000,https://boxd.it/1iLkeV,3,,,2020-08-15
2020-08-15,Miraculous Spiral,2016,https://boxd.it/1iOhI5,4,,,2020-08-15
2020-08-17,Cure,1997,https://boxd.it/1iVUTv,4.5,,,2020-08-16
2020-08-17,Children of Heaven,1997,https://boxd.it/1j01jR,3.5,,,2020-08-17
2020-08-18,Rubber,2010,https://boxd.it/1j4DoD,3,,,2020-08-17
2020-08-19,Children of Paradise,1945,https://boxd.it/1jaLJB,5,,,2020-08-18
2020-08-19,Pulse,2001,https://boxd.it/1jcVRp,4,,,2020-08-19
2020-08-20,Splendor in the Grass,1961,https://boxd.it/1jhCsb,5,,,2020-08-20
2020-08-21,Dark Matter,2013,https://boxd.it/1jnoHX,4,,,2020-08-20
2020-08-21,Jupiter's Moon,2017,https://boxd.it/1jol9l,3.5,,,2020-08-21
2020-08-22,White God,2014,https://boxd.it/1jtFDF,3,,,2020-08-22
2020-08-23,2001: A Space Odyssey,1968,https://boxd.it/1jypYn,5,Yes,,2020-08-22
2020-08-24,Butch Cassidy and the Sundance Kid,1969,https://boxd.it/1jGoZl,4.5,,,2020-08-23
2020-08-24,A Simple Life,2011,https://boxd.it/1jHkwh,3.5,,,2020-08-23
2020-08-25,The Whales of August,1987,https://boxd.it/1jO6QB,3.5,,,2020-08-25
2020-08-26,Gretel & Hansel,2020,https://boxd.it/1jSsgX,3.5,,,2020-08-25
2020-08-26,Tokyo Sonata,2008,https://boxd.it/1jTSAV,3.5,,,2020-08-26
2020-08-27,The Ninth Configuration,1980,https://boxd.it/1jZfAp,5,Yes,,2020-08-26
2020-08-27,Toni,1935,https://boxd.it/1k0dYL,4,,,2020-08-27
2020-08-28,The Thief and the Cobbler,1993,https://boxd.it/1k5yWB,5,,,2020-08-27
2020-08-29,The Lego Movie,2014,https://boxd.it/1kchkp,4,,,2020-08-28
2020-08-29,The Late George Apley,1947,https://boxd.it/1kdbIx,3,,,2020-08-29
2020-08-30,Hidden Away,2020,https://boxd.it/1khWub,3.5,,,2020-08-29
2020-08-30,Stalker,1979,https://boxd.it/1kjSVL,5,Yes,,2020-08-29
2020-08-31,On the Waterfront,1954,https://boxd.it/1krjMZ,4.5,,,2020-08-30
2020-09-01,A Clockwork Orange,1971,https://boxd.it/1kyIhL,5,Yes,,2020-08-31
2020-09-02,Siberia,2020,https://boxd.it/1kEXsL,3.5,,,2020-09-01
2020-09-03,Honey Cigar,2020,https://boxd.it/1kJM65,3.5,,,2020-09-02
2020-09-03,Night in Paradise,2020,https://boxd.it/1kLEop,3.5,,,2020-09-03
2020-09-03,The Human Voice,2020,https://boxd.it/1kOmBr,3.5,,,2020-09-03
2020-09-03,"Quo vadis, Aida?",2020,https://boxd.it/1kOmF9,3.5,,,2020-09-03
2020-09-03,Lovers,2020,https://boxd.it/1kOELJ,2.5,,,2020-09-03
2020-09-04,The Book of Vision,2020,https://boxd.it/1kP82f,2.5,,,2020-09-03
2020-09-04,Apples,2020,https://boxd.it/1kPFdl,3,,,2020-09-03
2020-09-04,The Disciple,2020,https://boxd.it/1kR7Eh,3,,,2020-09-04
2020-09-04,Our Father,2020,https://boxd.it/1kUr3r,2,,,2020-09-04
2020-09-05,Milestone,2020,https://boxd.it/1kUTKt,3,,,2020-09-04
2020-09-05,Pieces of a Woman,2020,https://boxd.it/1kWqfP,4,,,2020-09-04
2020-09-05,Miss Marx,2020,https://boxd.it/1l0ROv,3.5,,,2020-09-05
2020-09-06,Sportin' Life,2020,https://boxd.it/1l1juN,4,,,2020-09-05
2020-09-06,Mainstream,2020,https://boxd.it/1l2cUB,3,,,2020-09-05
2020-09-06,Sun Children,2020,https://boxd.it/1l2MRt,3.5,,,2020-09-05
2020-09-06,Mandibles,2020,https://boxd.it/1l3Uk5,3.5,,,2020-09-05
2020-09-06,The World to Come,2020,https://boxd.it/1l8lO5,3,,,2020-09-06
2020-09-07,Salvatore: Shoemaker of Dreams,2020,https://boxd.it/1l95U9,3,,,2020-09-06
2020-09-07,"Fiori, Fiori, Fiori!",2020,https://boxd.it/1l96EV,3,,,2020-09-06
2020-09-07,Never Gonna Snow Again,2020,https://boxd.it/1laEk3,3,,,2020-09-06
2020-09-07,Assandira,2020,https://boxd.it/1lfNsl,3,,,2020-09-07
2020-09-07,Dear Comrades!,2020,https://boxd.it/1lga5z,3,,,2020-09-07
2020-09-08,Omelia Contadina,2020,https://boxd.it/1lgpNh,3.5,,,2020-09-07
2020-09-08,War and Peace,2020,https://boxd.it/1lhwOt,4,,,2020-09-07
2020-09-08,Hopper/Welles,2020,https://boxd.it/1liwWf,4,,,2020-09-07
2020-09-08,Laila in Haifa,2020,https://boxd.it/1ljzt3,2,,,2020-09-07
2020-09-08,One Night in Miami...,2020,https://boxd.it/1ln1kz,3.5,,,2020-09-08
2020-09-08,Notturno,2020,https://boxd.it/1lnsej,1.5,,,2020-09-08
2020-09-09,Careless Crime,2020,https://boxd.it/1lob8Z,3,,,2020-09-08
2020-09-09,Wife of a Spy,2020,https://boxd.it/1lqudX,3.5,,,2020-09-08
2020-09-09,The Macaluso Sisters,2020,https://boxd.it/1ltKrd,1.5,,,2020-09-09
2020-09-10,City Hall,2020,https://boxd.it/1luYtf,4.5,,,2020-09-09
2020-09-10,Samp,2020,https://boxd.it/1lzsNx,4,,,2020-09-10
2020-09-11,New Order,2020,https://boxd.it/1lzSxl,3.5,,,2020-09-10
2020-09-11,And Tomorrow the Entire World,2020,https://boxd.it/1lAwej,2.5,,,2020-09-10
2020-09-11,In Between Dying,2020,https://boxd.it/1lBfBR,4,,,2020-09-10
2020-09-11,Nomadland,2020,https://boxd.it/1lF7kV,2.5,,,2020-09-11
2020-09-12,Genus Pan,2020,https://boxd.it/1lFMRL,4,,,2020-09-11
2020-09-12,Saint-Narcisse,2020,https://boxd.it/1lGqDz,3.5,,,2020-09-11
2020-09-12,In Between Dying,2020,https://boxd.it/1lLlDf,4,Yes,,2020-09-12
2020-09-13,The Predators,2020,https://boxd.it/1lM865,3,,,2020-09-12
2020-09-15,I'm Thinking of Ending Things,2020,https://boxd.it/1m30RB,3.5,,,2020-09-14
2020-09-16,Inherent Venice,2020,https://boxd.it/1m6K39,4,,,2020-09-15
2020-09-16,La Chienne,1931,https://boxd.it/1m8TY3,4.5,,,2020-09-15
2020-09-16,The Wasteland,2020,https://boxd.it/1m9BGn,3,,,2020-09-16
2020-09-17,Panic in the Streets,1950,https://boxd.it/1meCsh,4,,,2020-09-16
2020-09-18,Bad Lieutenant,1992,https://boxd.it/1mk3x9,4,,,2020-09-17
2020-09-18,The Devil All the Time,2020,https://boxd.it/1mkTL3,2.5,,,2020-09-18
2020-09-19,Juvenile Court,1973,https://boxd.it/1mqH0L,4,,,2020-09-19
2020-09-20,Just Don't Think I'll Scream,2019,https://boxd.it/1mw0Nx,3.5,,,2020-09-19
2020-09-20,The Crime of Monsieur Lange,1936,https://boxd.it/1mxc9h,4,,,2020-09-19
2020-09-21,Yellow Cat,2020,https://boxd.it/1mD0LP,3.5,,,2020-09-20
2020-09-21,The House of Love,2020,https://boxd.it/1mDDOX,3,,,2020-09-20
2020-09-21,Divinely Evil,2020,https://boxd.it/1mEyvt,3.5,,,2020-09-20
2020-09-22,The Childhood of a Leader,2015,https://boxd.it/1mKQAt,4,Yes,,2020-09-21
2020-09-22,The Driller Killer,1979,https://boxd.it/1mLFbp,3.5,,,2020-09-22
2020-09-23,America America,1963,https://boxd.it/1mQVFF,4.5,,,2020-09-22
2020-09-24,Phoenix,2014,https://boxd.it/1mXnfR,4,,,2020-09-24
2020-09-25,Deaf,1986,https://boxd.it/1n2u4V,4,,,2020-09-24
2020-09-26,Grand Illusion,1937,https://boxd.it/1n7t4P,5,,,2020-09-25
2020-09-26,The Lower Depths,1936,https://boxd.it/1n8nI7,4,,,2020-09-26
2020-09-27,Lawrence of Arabia,1962,https://boxd.it/1neYRn,4.5,,,2020-09-27
2020-09-28,Tenet,2020,https://boxd.it/1nkz5Z,2.5,Yes,,2020-09-27
2020-09-30,Extraordinary Stories,2008,https://boxd.it/1nz91R,4.5,,,2020-09-30
2020-10-01,Fear City,1984,https://boxd.it/1nDPoB,3.5,,,2020-10-01
2020-10-02,The Addiction,1995,https://boxd.it/1nJ9YJ,4.5,,,2020-10-01
2020-10-02,Ms .45,1981,https://boxd.it/1nJFZz,4,,,2020-10-02
2020-10-03,East of Eden,1955,https://boxd.it/1nPn2r,4.5,,,2020-10-02
2020-10-03,Escape,1948,https://boxd.it/1nPUCR,3.5,,,2020-10-03
2020-10-04,Only Yesterday,1991,https://boxd.it/1nWRjB,4.5,,,2020-10-03
2020-10-04,Primate,1974,https://boxd.it/1nXTxn,4,,,2020-10-04
2020-10-05,Le Jour Se Lève,1939,https://boxd.it/1o58xL,4,,,2020-10-04
2020-10-05,Wittgenstein,1993,https://boxd.it/1o5QW1,3.5,,,2020-10-05
2020-10-06,The Gates of Paris,1957,https://boxd.it/1ocCBx,3.5,,,2020-10-05
2020-10-07,China Girl,1987,https://boxd.it/1oiIjr,3.5,,,2020-10-06
2020-10-08,Hubie Halloween,2020,https://boxd.it/1op8Np,3,,,2020-10-08
2020-10-09,The River,1951,https://boxd.it/1ovmEX,4,,,2020-10-09
2020-10-10,Canal Zone,1977,https://boxd.it/1oBQNR,4,,,2020-10-10
2020-10-11,Mother and Son,2019,https://boxd.it/1oJ4mf,3.5,,,2020-10-11
2020-10-15,Nocturne,2020,https://boxd.it/1p9II3,2,,,2020-10-15
2020-10-16,Neon Genesis Evangelion,1995,https://boxd.it/1pehED,2.5,,,2020-10-15
2020-10-17,Neon Genesis Evangelion: The End of Evangelion,1997,https://boxd.it/1pkzKL,3,,,2020-10-16
2020-10-18,Pather Panchali,1955,https://boxd.it/1pskGP,5,,,2020-10-17
2020-10-19,Aparajito,1956,https://boxd.it/1pAuM5,5,,,2020-10-18
2020-10-20,The World of Apu,1959,https://boxd.it/1pI47r,5,,,2020-10-20
2020-10-21,Le Eumenidi,2020,https://boxd.it/1pNbTn,3.5,,,2020-10-20
2020-10-21,Shithouse,2020,https://boxd.it/1pO5l7,2.5,,,2020-10-21
2020-10-22,Stop Making Sense,1984,https://boxd.it/1pTtGN,4,,,2020-10-21
2020-10-22,King of New York,1990,https://boxd.it/1pUb4t,4,,,2020-10-22
2020-10-23,David Byrne's American Utopia,2020,https://boxd.it/1q0iHf,3.5,,,2020-10-23
2020-10-24,Fireball: Visitors From Darker Worlds,2020,https://boxd.it/1q6aQ1,4.5,,,2020-10-23
2020-10-24,On the Rocks,2020,https://boxd.it/1q7aVH,3,,,2020-10-24
2020-10-25,The Trial of the Chicago 7,2020,https://boxd.it/1qeDij,2.5,,,2020-10-24
2020-10-25,Showgirls,1995,https://boxd.it/1qghAT,3.5,,,2020-10-25
2020-10-26,Basic Training,1971,https://boxd.it/1qovRl,4,,,2020-10-25
2020-10-27,My Neighbors the Yamadas,1999,https://boxd.it/1qvCAZ,4,,,2020-10-26
2020-10-27,Mad Love,1985,https://boxd.it/1qww8n,4,,,2020-10-27
2020-10-28,Boomerang!,1947,https://boxd.it/1qDsF7,4,,,2020-10-27
2020-10-28,Famo$o,2020,https://boxd.it/1qE7Kn,2,,,2020-10-28
2020-10-29,The SuperVips,1968,https://boxd.it/1qJSph,4,,,2020-10-29
2020-10-30,Body Snatchers,1993,https://boxd.it/1qRCHv,3.5,,,2020-10-30
2020-11-01,Ringu,1998,https://boxd.it/1r4MeT,4,,,2020-10-31
2020-11-01,Antfarm Dickhole,2011,https://boxd.it/1r6leh,3,,,2020-11-01
2020-11-02,West and Soda,1965,https://boxd.it/1rfAM7,4,,,2020-11-02
2020-11-02,Cobra Verde,1987,https://boxd.it/1rgwGB,3.5,,,2020-11-02
2020-11-03,On the Silver Globe,1988,https://boxd.it/1rnDm3,5,,,2020-11-03
2020-11-05,La Marseillaise,1938,https://boxd.it/1rySJX,4,,,2020-11-05
2020-11-07,Essene,1972,https://boxd.it/1rK6VF,3.5,,,2020-11-07
2020-11-08,DAU. Natasha,2020,https://boxd.it/1rQG8h,3.5,,,2020-11-08
2020-11-09,We Are Who We Are,2020,https://boxd.it/1rWvP7,4,,,2020-11-08
2020-11-09,The SpongeBob Movie: Sponge on the Run,2020,https://boxd.it/1rXcoX,3,,,2020-11-09
2020-11-10,Anna,1975,https://boxd.it/1s42Hp,4.5,,,2020-11-10
2020-11-11,Allegro Non Troppo,1976,https://boxd.it/1s8BlB,4.5,,,2020-11-10
2020-11-11,The External World,2010,https://boxd.it/1s90b7,3.5,,,2020-11-11
2020-11-12,Reality,2012,https://boxd.it/1segMt,4,Yes,,2020-11-11
2020-11-12,Dangerous Game,1993,https://boxd.it/1sfaEv,4,,,2020-11-12
2020-11-13,Multiple Maniacs,1970,https://boxd.it/1sjXWL,4.5,Yes,,2020-11-12
2020-11-13,The Legend of Kaspar Hauser,2012,https://boxd.it/1sl117,3.5,,,2020-11-13
2020-11-16,Once Upon a Time in China,1991,https://boxd.it/1sBbvD,4,,,2020-11-14
2020-11-17,DAU. Degeneration,2020,https://boxd.it/1sKSJL,4,,,2020-11-17
2020-11-18,My Nights Are More Beautiful Than Your Days,1989,https://boxd.it/1sQCST,3.5,,,2020-11-18
2020-11-19,My Name Is Francesco Totti,2020,https://boxd.it/1sVBjj,3.5,,,2020-11-18
2020-11-19,La Bête Humaine,1938,https://boxd.it/1sW7uD,4,,,2020-11-19
2020-11-20,Gentleman's Agreement,1947,https://boxd.it/1t1MVl,3.5,,,2020-11-20
2020-11-20,Quick Billy,1971,https://boxd.it/1t2a9F,3.5,,,2020-11-20
2020-11-21,Star 80,1983,https://boxd.it/1t7Cx1,3.5,,,2020-11-21
2020-11-22,The Wolf of Snow Hollow,2020,https://boxd.it/1teFjF,2,,,2020-11-22
2020-11-22,Viy,1967,https://boxd.it/1tfEXh,3.5,,,2020-11-22
2020-11-22,The New Mutants,2020,https://boxd.it/1tgqsL,1.5,,,2020-11-22
2020-11-24,DAU. Nora Mother,2020,https://boxd.it/1ttuHV,3.5,,,2020-11-24
2020-11-26,The Conformist,1970,https://boxd.it/1tEJ0T,5,Yes,,2020-11-25
2020-11-26,Touch of Evil,1958,https://boxd.it/1tFLhf,4.5,Yes,,2020-11-26
2020-11-27,The Act of Killing,2012,https://boxd.it/1tLeqF,5,Yes,,2020-11-26
2020-11-28,A Face in the Crowd,1957,https://boxd.it/1tT9hp,4,,,2020-11-28
2020-11-29,Moon,2009,https://boxd.it/1u06Wj,4,Yes,,2020-11-28
2020-11-29,DAU. Three Days,2020,https://boxd.it/1u0Zqn,4,,,2020-11-29
2020-11-30,Don't Be Bad,2015,https://boxd.it/1u9aKJ,4,Yes,,2020-11-29
2020-11-30,Boris Godounov,1989,https://boxd.it/1u9Wwl,4,,,2020-11-30
2020-12-01,Viva Zapata!,1952,https://boxd.it/1ugjVP,4,,,2020-11-30
2020-12-01,The Funeral,1996,https://boxd.it/1uhb8H,4.5,,,2020-12-01
2020-12-02,Sexy Beast,2000,https://boxd.it/1un6bt,3.5,,,2020-12-01
2020-12-03,Tristana,1970,https://boxd.it/1usFsT,4,,,2020-12-02
2020-12-03,The Nightmare,2015,https://boxd.it/1utmqh,3.5,,,2020-12-03
2020-12-04,Burn!,1969,https://boxd.it/1uyHXr,4,,,2020-12-03
2020-12-05,Baby Doll,1956,https://boxd.it/1uFcHh,4,,,2020-12-04
2020-12-05,Mank,2020,https://boxd.it/1uG7x9,4,,,2020-12-05
2020-12-07,The Great Escape,1963,https://boxd.it/1uW0fT,4,,,2020-12-06
2020-12-07,Black Bear,2020,https://boxd.it/1uXj5F,2,,,2020-12-07
2020-12-08,Zappa,2020,https://boxd.it/1v3zgB,2.5,,,2020-12-07
2020-12-08,Meat,1976,https://boxd.it/1v4C8n,3.5,,,2020-12-08
2020-12-09,Spider-Man: Into the Spider-Verse,2018,https://boxd.it/1va68n,4.5,Yes,,2020-12-08
2020-12-09,F for Fake,1973,https://boxd.it/1vb3Uv,4.5,,,2020-12-09
2020-12-10,My Lucky Stars,1985,https://boxd.it/1vgomf,2.5,,,2020-12-09
2020-12-11,Jubilee,1978,https://boxd.it/1vm9yR,3.5,,,2020-12-10
2020-12-12,Malmkrog,2020,https://boxd.it/1vsNtp,4,,,2020-12-12
2020-12-13,Phantom Thread,2017,https://boxd.it/1vyZiv,5,Yes,,2020-12-12
2020-12-14,Once Upon a Time in China II,1992,https://boxd.it/1vHzB5,4,,,2020-12-13
2020-12-15,Body Double,1984,https://boxd.it/1vOUPL,4,Yes,,2020-12-14
2020-12-16,Wolfwalkers,2020,https://boxd.it/1vVSJP,4,,,2020-12-16
2020-12-17,Rose Island,2020,https://boxd.it/1w0os5,2.5,,,2020-12-16
2020-12-18,Another Round,2020,https://boxd.it/1w5uBR,2.5,,,2020-12-17
2020-12-18,Let Them All Talk,2020,https://boxd.it/1w8orn,2.5,,,2020-12-18
2020-12-19,The Blue Note,1991,https://boxd.it/1weW5R,2.5,,,2020-12-19
2020-12-20,DAU. Brave People,2020,https://boxd.it/1wmYm7,3.5,,,2020-12-20
2020-12-21,Wild River,1960,https://boxd.it/1wuakL,4,,,2020-12-20
2020-12-21,The Blackout,1997,https://boxd.it/1wvlwP,3.5,,,2020-12-21
2020-12-22,The Woman Who Ran,2020,https://boxd.it/1wCWkb,3.5,,,2020-12-22
2020-12-23,Illusion,2020,https://boxd.it/1wIQgp,3.5,,,2020-12-22
2020-12-23,Lovers Rock,2020,https://boxd.it/1wK1Zn,3,,,2020-12-22
2020-12-23,House of Strangers,1949,https://boxd.it/1wLaQV,4,,,2020-12-23
2020-12-24,Mangrove,2020,https://boxd.it/1wSeXv,4,,,2020-12-23
2020-12-24,The Midnight Sky,2020,https://boxd.it/1wTcz9,3,,,2020-12-24
2020-12-25,DuckTales: The Movie - Treasure of the Lost Lamp,1990,https://boxd.it/1wZEV5,3,,,2020-12-24
2020-12-25,Tokyo Godfathers,2003,https://boxd.it/1x0MEt,4,,,2020-12-24
2020-12-26,Soul,2020,https://boxd.it/1x9LRT,3.5,,,2020-12-25
2020-12-26,The Metamorphosis of Birds,2020,https://boxd.it/1xc9Xl,3.5,,,2020-12-26
2020-12-27,"Red, White and Blue",2020,https://boxd.it/1xlvXl,3,,,2020-12-26
2020-12-27,The Salt of Tears,2020,https://boxd.it/1xmSDP,3.5,,,2020-12-27
2020-12-28,Allied,2016,https://boxd.it/1xydrn,4,Yes,,2020-12-27
2020-12-28,Szamanka,1996,https://boxd.it/1xA6Gf,3.5,,,2020-12-28
2020-12-29,DAU. String Theory,2020,https://boxd.it/1xLIGz,3.5,,,2020-12-29
2020-12-30,A Hidden Life,2019,https://boxd.it/1xULtB,4,,,2020-12-30
2020-12-31,Top 1000 (2021 Edition),2020,,4,,,2020-12-31
2021-01-01,Amadeus,1984,https://boxd.it/1yf589,5,Yes,,2020-12-31
2021-01-02,The Triplets of Belleville,2003,https://boxd.it/1yp0eL,4,,,2021-01-01
2021-01-02,The Southerner,1945,https://boxd.it/1yspmB,4,,,2021-01-02
2021-01-03,The Arrangement,1969,https://boxd.it/1yEhC1,4,,,2021-01-02
2021-01-03,DAU. Nikita Tanya,2020,https://boxd.it/1yG42N,3.5,,,2021-01-03
2021-01-04,Fidelity,2000,https://boxd.it/1yU4r7,3.5,,,2021-01-04
2021-01-05,Knife in the Water,1962,https://boxd.it/1z3qxT,4,,,2021-01-04
2021-01-06,The Visitors,1972,https://boxd.it/1zcE2j,3.5,,,2021-01-05
2021-01-06,Poetical Refugee,2000,https://boxd.it/1zeoC5,3.5,,,2021-01-06
2021-01-07,The Last Tycoon,1976,https://boxd.it/1zm9Qn,4,,,2021-01-06
2021-01-09,Japón,2002,https://boxd.it/1zC8vF,4,,,2021-01-08
2021-01-09,DAU. Katya Tanya,2020,https://boxd.it/1zDwBJ,3.5,,,2021-01-09
2021-01-11,The Last of England,1987,https://boxd.it/1zVJlb,3.5,,,2021-01-10
2021-01-11,Battle in Heaven,2005,https://boxd.it/1zXnGb,3,,,2021-01-10
2021-01-13,Minari,2020,https://boxd.it/1AeF2n,3,,,2021-01-12
2021-01-13,Yojimbo,1961,https://boxd.it/1Ah7xd,4.5,,,2021-01-13
2021-01-14,The Muppets,2011,https://boxd.it/1Asiwx,4,,,2021-01-14
2021-01-15,Silent Light,2007,https://boxd.it/1AAhQ3,4,,,2021-01-14
2021-01-15,New Rose Hotel,1998,https://boxd.it/1ABBy1,4,,,2021-01-15
2021-01-16,Badlands,1973,https://boxd.it/1AJ81D,4.5,,,2021-01-15
2021-01-16,Scream of Stone,1991,https://boxd.it/1AP5W9,3,,,2021-01-16
2021-01-17,Pusher,1996,https://boxd.it/1AWh9n,3.5,,,2021-01-17
2021-01-18,Bleeder,1999,https://boxd.it/1B6OSv,3.5,,,2021-01-18
2021-01-19,Edward II,1991,https://boxd.it/1BfXkb,4,,,2021-01-18
2021-01-19,A Crackup at the Race Riots,2016,https://boxd.it/1Bh867,3.5,,,2021-01-19
2021-01-20,Our Lady of the Turks,1968,https://boxd.it/1BqbzT,5,,,2021-01-20
2021-01-21,DAU. New Man,2020,https://boxd.it/1Byl4H,3.5,,,2021-01-21
2021-01-22,A Letter to Elia,2010,https://boxd.it/1BEGSF,3.5,,,2021-01-21
2021-01-23,Post Tenebras Lux,2012,https://boxd.it/1BMpbP,4,,,2021-01-22
2021-01-23,Anatomy of a Murder,1959,https://boxd.it/1BO9UX,5,,,2021-01-23
2021-01-25,Pretend It's a City,2021,https://boxd.it/1C5edN,3.5,,,2021-01-24
2021-01-26,Pusher II: With Blood on My Hands,2004,https://boxd.it/1ChLfh,3.5,,,2021-01-26
2021-01-27,Repulsion,1965,https://boxd.it/1CpNqd,4,,,2021-01-27
2021-01-28,Days of Heaven,1978,https://boxd.it/1Cwsw9,4,,,2021-01-27
2021-01-28,Promising Young Woman,2020,https://boxd.it/1Cxy5Z,3,,,2021-01-28
2021-01-29,Flight to Fury,1964,https://boxd.it/1CEakF,3.5,,,2021-01-29
2021-01-30,Fear X,2003,https://boxd.it/1CK0Qt,4,,,2021-01-29
2021-01-30,To Die For,1995,https://boxd.it/1CLbqj,4,,,2021-01-29
2021-01-31,Model,1981,https://boxd.it/1CVmvp,3.5,,,2021-01-31
2021-01-31,Salomé,1972,https://boxd.it/1CWhEt,4.5,,,2021-01-31
2021-02-01,Public Speaking,2010,https://boxd.it/1D6xlH,3,,,2021-01-31
2021-02-01,Liza with a Z,1972,https://boxd.it/1D7u9P,3,,,2021-02-01
2021-02-02,Pusher III,2005,https://boxd.it/1DhA3X,4,,,2021-02-02
2021-02-03,The Diary of a Chambermaid,1946,https://boxd.it/1DoV0f,3.5,,,2021-02-02
2021-02-03,Sound of Metal,2019,https://boxd.it/1Dq1I5,3,,,2021-02-03
2021-02-04,Laura,1944,https://boxd.it/1DwFi9,5,,,2021-02-03
2021-02-06,Malcolm & Marie,2021,https://boxd.it/1DMsWH,2.5,,,2021-02-05
2021-02-07,Rifkin's Festival,2020,https://boxd.it/1DWdyP,3.5,,,2021-02-06
2021-02-08,Two-Lane Blacktop,1971,https://boxd.it/1E7ESz,4.5,,,2021-02-08
2021-02-09,Something Organic,1998,https://boxd.it/1EfEeP,3,,,2021-02-08
2021-02-12,The Shooting,1966,https://boxd.it/1EBJAZ,5,,,2021-02-11
2021-02-13,News of the World,2020,https://boxd.it/1EL3QV,3,,,2021-02-13
2021-02-15,Death and the Maiden,1994,https://boxd.it/1F2SE1,4,,,2021-02-14
2021-02-17,The Pornographer,2001,https://boxd.it/1FpeuV,3.5,,,2021-02-17
2021-02-18,No Way Out,1950,https://boxd.it/1Fy0Wp,4,,,2021-02-18
2021-02-19,"China 9, Liberty 37",1978,https://boxd.it/1FFSIF,3,,,2021-02-19
2021-02-20,Army of Darkness,1992,https://boxd.it/1FNoh1,4,Yes,,2021-02-19
2021-02-20,Saint Maud,2019,https://boxd.it/1FOLbR,2.5,,,2021-02-20
2021-02-22,Judas and the Black Messiah,2021,https://boxd.it/1G70Jl,3.5,,,2021-02-21
2021-02-22,Tabu,2012,https://boxd.it/1G9csP,4,,,2021-02-21
2021-02-23,Shiva Baby,2020,https://boxd.it/1GhSGP,3.5,,,2021-02-22
2021-02-24,4:44 Last Day on Earth,2011,https://boxd.it/1GpT3P,3.5,,,2021-02-23
2021-02-25,Safe,1995,https://boxd.it/1GxHBh,3.5,,,2021-02-25
2021-02-26,Interiors,1978,https://boxd.it/1GDZdf,4,,,2021-02-25
2021-02-27,The New World,2005,https://boxd.it/1GMaEH,3.5,,,2021-02-27
2021-02-28,True Romance,1993,https://boxd.it/1GUqyr,3,,,2021-02-27
2021-02-28,Iguana,1988,https://boxd.it/1GW46z,3.5,,,2021-02-28
2021-03-01,Hôtel du Nord,1938,https://boxd.it/1H4Moj,3.5,,,2021-02-28
2021-03-01,Central Park,1989,https://boxd.it/1H4OVf,3.5,,,2021-02-28
2021-03-01,Sebastiane,1976,https://boxd.it/1H4PdX,3.5,,,2021-02-28
2021-03-02,Road to Nowhere,2010,https://boxd.it/1He8PJ,3.5,,,2021-03-02
2021-03-03,To the Wonder,2012,https://boxd.it/1Hle1p,4,,,2021-03-02
2021-03-04,The Tempest,1979,https://boxd.it/1Hsh33,3.5,,,2021-03-03
2021-03-05,Based on a True Story,2017,https://boxd.it/1HzsuD,2.5,,,2021-03-04
2021-03-06,Sweet Smell of Success,1957,https://boxd.it/1HH5Qx,4,,,2021-03-05
2021-03-07,Theory of Obscurity: A Film About the Residents,2015,https://boxd.it/1HOd4b,3.5,,,2021-03-06
2021-03-08,Near Death,1989,https://boxd.it/1I05z5,5,,,2021-03-07
2021-03-09,'R Xmas,2001,https://boxd.it/1IawFT,3.5,,,2021-03-08
2021-03-10,White Men Can't Jump,1992,https://boxd.it/1IhzFV,3.5,,,2021-03-09
2021-03-12,Voyage of Time: Life's Journey,2016,https://boxd.it/1IvKCr,2.5,,,2021-03-11
2021-03-13,The Long Goodbye,1973,https://boxd.it/1IDCLL,5,,,2021-03-13
2021-03-14,Public Housing,1997,https://boxd.it/1ILYk9,3.5,,,2021-03-13
2021-03-14,Cul-de-sac,1966,https://boxd.it/1INeHZ,3.5,,,2021-03-14
2021-03-15,The Golden Coach,1952,https://boxd.it/1IWfAt,4,,,2021-03-14
2021-03-16,Limite,1931,https://boxd.it/1J5jef,4.5,,,2021-03-15
2021-03-17,Tiresia,2003,https://boxd.it/1Jde5j,3.5,,,2021-03-17
2021-03-18,Triumph of the Will,1935,https://boxd.it/1JkuWH,3.5,,,2021-03-17
2021-03-19,The Angelic Conversation,1985,https://boxd.it/1JrTeT,3.5,,,2021-03-18
2021-03-20,Les visiteurs du soir,1942,https://boxd.it/1JA3Mx,4,,,2021-03-19
2021-03-20,3 Women,1977,https://boxd.it/1JBiUj,4.5,,,2021-03-20
2021-03-21,The Swimmer,1968,https://boxd.it/1JFBb1,4,,,2021-03-20
2021-03-22,The Store,1983,https://boxd.it/1JRED7,3.5,,,2021-03-21
2021-03-22,Knight of Cups,2015,https://boxd.it/1JUzXd,3.5,,,2021-03-22
2021-03-25,On War,2008,https://boxd.it/1KikNF,3.5,,,2021-03-25
2021-03-26,The Fearless Vampire Killers,1967,https://boxd.it/1Kp1Tt,3.5,,,2021-03-25
2021-03-27,That Cold Day in the Park,1969,https://boxd.it/1Kxg1n,4,,,2021-03-27
2021-03-27,One Hamlet Less,1973,https://boxd.it/1KxVz1,4,,,2021-03-27
2021-03-28,The Rental,2020,https://boxd.it/1KDSrZ,3,,,2021-03-27
2021-03-29,Ludwig,1973,https://boxd.it/1KQa6T,4,,,2021-03-28
2021-03-30,War Requiem,1989,https://boxd.it/1KYS6T,4,,,2021-03-29
2021-03-31,Mary,2005,https://boxd.it/1L6xwR,3.5,,,2021-03-30
2021-04-02,My Dinner with Andre,1981,https://boxd.it/1Lnj07,4,,,2021-04-02
2021-04-03,California Split,1974,https://boxd.it/1LwgcR,3.5,,,2021-04-02
2021-04-03,The Garden,1990,https://boxd.it/1Lx5Ab,4,,,2021-04-03
2021-04-04,French Cancan,1955,https://boxd.it/1LGKCb,4.5,,,2021-04-03
2021-04-04,11 Minutes,2015,https://boxd.it/1LHIAp,3.5,,,2021-04-04
2021-04-05,Loro 1,2018,https://boxd.it/1LP3Wb,3.5,,,2021-04-04
2021-04-05,Loro 2,2018,https://boxd.it/1LQZgp,4,,,2021-04-04
2021-04-05,Under the Silver Lake,2018,https://boxd.it/1LSFFX,3.5,,,2021-04-05
2021-04-06,Joint Security Area,2000,https://boxd.it/1M1DnP,3.5,,,2021-04-05
2021-04-07,People Will Talk,1951,https://boxd.it/1Mat6x,3.5,,,2021-04-06
2021-04-08,Thérèse Raquin,1953,https://boxd.it/1Miyb9,4,,,2021-04-07
2021-04-09,Song to Song,2017,https://boxd.it/1MqpVj,3.5,,,2021-04-08
2021-04-10,The Mosquito Coast,1986,https://boxd.it/1MyfhJ,3.5,,,2021-04-09
2021-04-10,House of Tolerance,2011,https://boxd.it/1Mzy0J,4,,,2021-04-10
2021-04-11,Shadow of a Doubt,1943,https://boxd.it/1MHsaz,4,,,2021-04-10
2021-04-11,Au Revoir les Enfants,1987,https://boxd.it/1MJ4RN,4.5,,,2021-04-11
2021-04-12,"Belfast, Maine",1999,https://boxd.it/1MTC1B,4.5,,,2021-04-11
2021-04-13,"Rome, Open City",1945,https://boxd.it/1N46Rd,4.5,,,2021-04-13
2021-04-14,Sweet Deceptions,1960,https://boxd.it/1NbUa3,4.5,,,2021-04-13
2021-04-15,The Sting,1973,https://boxd.it/1NjP0N,3.5,,,2021-04-14
2021-04-16,Collective,2019,https://boxd.it/1NsnOj,3.5,,,2021-04-16
2021-04-17,Gates of the Night,1946,https://boxd.it/1NzMNp,4,,,2021-04-16
2021-04-17,Saint Laurent,2014,https://boxd.it/1NB3oX,3.5,,,2021-04-17
2021-04-18,Eden,2014,https://boxd.it/1NHSRD,2,,,2021-04-17
2021-04-19,Olympia Part One: Festival of the Nations,1938,https://boxd.it/1NUQIP,4,,,2021-04-19
2021-04-20,Palms,1994,https://boxd.it/1O3NcT,4.5,,,2021-04-19
2021-04-21,Él,1953,https://boxd.it/1ObGLX,4,,,2021-04-20
2021-04-22,The Mole Agent,2020,https://boxd.it/1OjJwH,3.5,,,2021-04-21
2021-04-23,Mind Game,2004,https://boxd.it/1OrhoB,3.5,,,2021-04-22
2021-04-24,Better Days,2019,https://boxd.it/1OAcPZ,3,,,2021-04-24
2021-04-26,The Pink Panther,1963,https://boxd.it/1OSuQn,3.5,,,2021-04-25
2021-04-27,Elena and Her Men,1956,https://boxd.it/1P5lVT,3.5,,,2021-04-26
2021-04-28,Punishment Park,1971,https://boxd.it/1PdiXj,4,,,2021-04-27
2021-04-29,Go Go Tales,2007,https://boxd.it/1PlotF,3.5,,,2021-04-28
2021-04-30,The Pride of the Yankees,1942,https://boxd.it/1PvQd1,4,,,2021-04-30
2021-05-01,13 Assassins,2010,https://boxd.it/1PAQBR,3.5,,,2021-05-01
2021-05-02,Paisan,1946,https://boxd.it/1PIU15,5,,,2021-05-01
2021-05-03,World on a Wire,1973,https://boxd.it/1PUM8V,4.5,,,2021-05-03
2021-05-04,Racetrack,1985,https://boxd.it/1Q4C0H,3.5,,,2021-05-04
2021-05-06,The Mitchells vs. The Machines,2021,https://boxd.it/1QjAc7,3.5,,,2021-05-05
2021-05-07,Sarah Winchester: Ghost Opera,2016,https://boxd.it/1QqCc3,3.5,,,2021-05-06
2021-05-07,The Doctor's Horrible Experiment,1959,https://boxd.it/1QroY5,4,,,2021-05-07
2021-05-08,Rifkin's Festival,2020,https://boxd.it/1QxV3t,3.5,Yes,,2021-05-07
2021-05-08,Macbeth,1971,https://boxd.it/1Qzcyv,4.5,,,2021-05-08
2021-05-10,Macbeth,1983,https://boxd.it/1QQCrT,3.5,,,2021-05-09
2021-05-11,Chelsea on the Rocks,2008,https://boxd.it/1QYU1b,3.5,,,2021-05-10
2021-05-12,Moebius,1996,https://boxd.it/1R6rsN,3,,,2021-05-11
2021-05-14,The Seduction of Mimi,1972,https://boxd.it/1RiEIN,3.5,,,2021-05-13
2021-05-14,In a Lonely Place,1950,https://boxd.it/1RlPkj,4,,,2021-05-13
2021-05-15,Hand Gun,1994,https://boxd.it/1RtoWB,3.5,,,2021-05-14
2021-05-15,Macbeth,1948,https://boxd.it/1RuQ0R,4,,,2021-05-15
2021-05-17,Picnic on the Grass,1959,https://boxd.it/1RNfAL,4,,,2021-05-16
2021-05-19,The Day a Pig Fell Into the Well,1996,https://boxd.it/1S3uCJ,3.5,,,2021-05-18
2021-05-21,Olympia Part Two: Festival of Beauty,1938,https://boxd.it/1Shr6t,4.5,,,2021-05-20
2021-05-22,Germany Year Zero,1948,https://boxd.it/1SosvN,4.5,,,2021-05-21
2021-05-22,Adjustment & Work,1986,https://boxd.it/1SpxHr,3.5,,,2021-05-22
2021-05-23,Under the Cold Stars,2020,https://boxd.it/1SxknT,3.5,,,2021-05-22
2021-05-23,The End of the Track,1970,https://boxd.it/1SyvoZ,4,,,2021-05-23
2021-05-24,Nocturama,2016,https://boxd.it/1SI5lF,4.5,,,2021-05-24
2021-05-25,What?,1972,https://boxd.it/1SQPB1,3,,,2021-05-25
2021-05-26,Y Tu Mamá También,2001,https://boxd.it/1SYiBj,3.5,,,2021-05-26
2021-05-29,The Power of Kangwon Province,1998,https://boxd.it/1TkcN3,3.5,,,2021-05-29
2021-05-30,L'amore,1948,https://boxd.it/1TrW69,4,,,2021-05-29
2021-06-04,In the Mood for Love,2000,https://boxd.it/1U8sYh,4.5,Yes,,2021-06-02
2021-06-06,Wrong Cops,2013,https://boxd.it/1UpblV,3,,,2021-06-05
2021-06-06,The Limey,1999,https://boxd.it/1UrRDL,3.5,,,2021-06-06
2021-06-07,Stromboli,1950,https://boxd.it/1UybNX,4.5,,,2021-06-06
2021-06-07,Virgin Stripped Bare by Her Bachelors,2000,https://boxd.it/1UBDfv,4,,,2021-06-07
2021-06-08,"Napoli, Napoli, Napoli",2009,https://boxd.it/1UKcL3,3.5,,,2021-06-07
2021-06-09,Multi-Handicapped,1986,https://boxd.it/1US9IB,3.5,,,2021-06-08
2021-06-10,A Scene at the Sea,1991,https://boxd.it/1UZyrp,3.5,,,2021-06-09
2021-06-12,The Flowers of St. Francis,1950,https://boxd.it/1VduyJ,4,,,2021-06-11
2021-06-13,Happy Together,1997,https://boxd.it/1VjxVt,4.5,,,2021-06-12
2021-06-15,Chungking Express,1994,https://boxd.it/1VCGgR,4,,,2021-06-14
2021-06-17,Nostalgia for the Light,2010,https://boxd.it/1VQTnJ,3.5,,,2021-06-16
2021-06-19,The Pearl Button,2015,https://boxd.it/1W4p0N,3.5,,,2021-06-18
2021-06-19,Europe '51,1952,https://boxd.it/1W8Dul,4.5,,,2021-06-19
2021-06-20,Bo Burnham: Inside,2021,https://boxd.it/1WcK19,3,,,2021-06-19
2021-06-20,Mulberry St.,2010,https://boxd.it/1WdMNh,3.5,,,2021-06-20
2021-06-21,Luca,2021,https://boxd.it/1WrreX,3.5,,,2021-06-21
2021-06-22,Lone Star,1996,https://boxd.it/1Wv4HF,4,,,2021-06-21
2021-06-24,The Life of Jesus,1997,https://boxd.it/1WJCY9,3.5,,,2021-06-23
2021-06-26,Journey to Italy,1954,https://boxd.it/1WXQRf,5,,,2021-06-25
2021-06-28,A Quiet Place,2018,https://boxd.it/1Xd809,3.5,,,2021-06-27
2021-06-29,Humanité,1999,https://boxd.it/1XoGsX,4.5,,,2021-06-29
2021-06-30,Hadewijch,2009,https://boxd.it/1XvLOD,4,,,2021-06-29
2021-07-01,The Enclosed Valley,1995,https://boxd.it/1XE53j,4,,,2021-07-01
2021-07-02,On the Occasion of Remembering the Turning Gate,2002,https://boxd.it/1XLVhL,4,,,2021-07-02
2021-07-03,The Lady from Shanghai,1947,https://boxd.it/1XT10b,4.5,,,2021-07-02
2021-07-03,The Magnificent Ambersons,1942,https://boxd.it/1XXHzZ,4.5,,,2021-07-03
2021-07-04,2046,2004,https://boxd.it/1XZi3D,4,Yes,,2021-07-03
2021-07-04,Four of the Apocalypse,1975,https://boxd.it/1Y2ky5,4,,,2021-07-03
2021-07-05,The Lion King,1994,https://boxd.it/1Y9HwP,4.5,,,2021-07-04
2021-07-05,Where Is Freedom?,1954,https://boxd.it/1Ydbh7,3.5,,,2021-07-04
2021-07-06,Wheel of Fortune and Fantasy,2021,https://boxd.it/1YmdQV,3.5,,,2021-07-05
2021-07-08,"Camille Claudel, 1915",2013,https://boxd.it/1YDb2j,4,,,2021-07-06
2021-07-08,Breaking Away,1979,https://boxd.it/1YF8Ah,4,,,2021-07-07
2021-07-09,Close-Up,1990,https://boxd.it/1YMXcz,4.5,,,2021-07-08
2021-07-11,For Lucio,2021,https://boxd.it/1Z20GH,3.5,,,2021-07-10
2021-07-13,Marrakech Express,1989,https://boxd.it/1Zq0Vb,3.5,,,2021-07-12
2021-07-14,Mother,2009,https://boxd.it/1ZyxXF,3.5,,,2021-07-13
2021-07-15,Jeannette: The Childhood of Joan of Arc,2017,https://boxd.it/1ZHKIL,4,,,2021-07-15
2021-07-18,Wonderstruck,2017,https://boxd.it/209xXp,3.5,,,2021-07-17
2021-07-19,"Summer of Soul (...or, When the Revolution Could Not Be Televised)",2021,https://boxd.it/20kvv1,3.5,,,2021-07-18
2021-07-21,Pasolini,2014,https://boxd.it/20DNCd,4.5,,,2021-07-21
2021-07-23,Bad Luck Banging or Loony Porn,2021,https://boxd.it/20Umgj,4,,,2021-07-22
2021-07-24,Tess,1979,https://boxd.it/21432R,4,,,2021-07-24
2021-07-24,Fallen Angels,1995,https://boxd.it/2187XF,4.5,,,2021-07-24
2021-07-25,Blind,1986,https://boxd.it/21cUBh,4,,,2021-07-25
2021-07-26,Old,2021,https://boxd.it/21jbdt,4,,,2021-07-25
2021-07-26,The Spider's Stratagem,1970,https://boxd.it/21kd4P,4,,,2021-07-25
2021-07-26,India: Matri Bhumi,1959,https://boxd.it/21mRxB,3.5,,,2021-07-25
2021-07-27,Days of Being Wild,1990,https://boxd.it/21wrL3,4,,,2021-07-26
2021-07-29,Nixon,1995,https://boxd.it/21KdZD,4.5,,,2021-07-28
2021-07-30,Dark Waters,2019,https://boxd.it/21VL8F,3.5,,,2021-07-29
2021-08-01,The Stranger,1946,https://boxd.it/22cF2l,4,,,2021-07-31
2021-08-03,Joan of Arc,2019,https://boxd.it/22xucr,3.5,,,2021-08-03
2021-08-04,General Della Rovere,1959,https://boxd.it/22FTsZ,4,,,2021-08-04
2021-08-05,Woman Is the Future of Man,2004,https://boxd.it/22OsLN,3.5,,,2021-08-04
2021-08-06,Flanders,2006,https://boxd.it/22WyLv,4,,,2021-08-05
2021-08-07,The Suicide Squad,2021,https://boxd.it/234c8R,3.5,,,2021-08-06
2021-08-07,Alive in France,2017,https://boxd.it/236eTT,3.5,,,2021-08-07
2021-08-18,Free Guy,2021,https://boxd.it/24ILlP,3,,,2021-08-17
2021-08-19,Tenacious D in The Pick of Destiny,2006,https://boxd.it/24QAyT,3.5,,,2021-08-18
2021-08-19,Tale of Cinema,2005,https://boxd.it/24RKLv,3,,,2021-08-19
2021-08-20,After Lucia,2012,https://boxd.it/24ZMYR,3.5,,,2021-08-20
2021-08-23,The Measure of a Man,2015,https://boxd.it/25rNCN,3.5,,,2021-08-23
2021-08-25,9 Lives of a Wet Pussycat,1976,https://boxd.it/25Jcrf,3,,,2021-08-24
2021-08-26,Il Grido,1957,https://boxd.it/25Qmfd,4,,,2021-08-25
2021-08-27,The Man Who Surprised Everyone,2018,https://boxd.it/25ZwbN,3,,,2021-08-26
2021-08-28,The Visit,2015,https://boxd.it/267F4x,4,,,2021-08-28
2021-08-29,Welcome to New York,2014,https://boxd.it/26cyRd,3.5,,,2021-08-28
2021-08-29,Piazza Vittorio,2017,https://boxd.it/26drQ5,3.5,,,2021-08-28
2021-08-29,At War,2018,https://boxd.it/26gMJF,4,,,2021-08-29
2021-08-31,The Sparks Brothers,2021,https://boxd.it/26zYdT,4,,,2021-08-30
2021-09-01,It Was Yesterday,2016,https://boxd.it/26Mik5,2.5,,,2021-09-01
2021-09-01,Karmalink,2021,https://boxd.it/26MDDn,3,,,2021-09-01
2021-09-01,The Cathedral,2021,https://boxd.it/26MVtv,3.5,,,2021-09-01
2021-09-02,Pietro il grande,2021,https://boxd.it/26Otrv,1,,,2021-09-01
2021-09-02,Heltzear,2021,https://boxd.it/26Oy3X,3,,,2021-09-01
2021-09-02,Sandstorm,2021,https://boxd.it/26Oy8j,2,,,2021-09-01
2021-09-02,The Shift,2021,https://boxd.it/26Oydj,2,,,2021-09-01
2021-09-02,"Hair Tie, Egg, Homework Books",2021,https://boxd.it/26Oyln,2.5,,,2021-09-01
2021-09-02,The Boob Fairy,2021,https://boxd.it/26Oypf,1,,,2021-09-01
2021-09-02,The Night,2021,https://boxd.it/26OAB3,3,,,2021-09-01
2021-09-02,The Power of the Dog,2021,https://boxd.it/26PoUz,3.5,,,2021-09-01
2021-09-02,Parallel Mothers,2021,https://boxd.it/26Uk4z,4,,,2021-09-02
2021-09-02,Promises,2021,https://boxd.it/26UK67,3,,,2021-09-02
2021-09-03,Atlantide,2021,https://boxd.it/26WkBR,3,,,2021-09-02
2021-09-03,The Lost Daughter,2021,https://boxd.it/26YxPV,2.5,,,2021-09-02
2021-09-03,The Card Counter,2021,https://boxd.it/27210p,4,,,2021-09-03
2021-09-03,The Hand of God,2021,https://boxd.it/272wTb,4.5,,,2021-09-03
2021-09-04,The Hole in the Fence,2021,https://boxd.it/273bjX,2,,,2021-09-03
2021-09-04,Spencer,2021,https://boxd.it/273QtJ,3.5,,,2021-09-03
2021-09-04,Il buco,2021,https://boxd.it/274QeB,4,,,2021-09-03
2021-09-04,Dune,2021,https://boxd.it/27aWxL,2.5,,,2021-09-04
2021-09-05,Amira,2021,https://boxd.it/27bHQF,3.5,,,2021-09-04
2021-09-05,Sundown,2021,https://boxd.it/27ei5P,3.5,,,2021-09-04
2021-09-05,Last Night in Soho,2021,https://boxd.it/27kqEP,4,,,2021-09-05
2021-09-05,Official Competition,2021,https://boxd.it/27l1PF,2.5,,,2021-09-05
2021-09-06,The Inner Cage,2021,https://boxd.it/27mdoj,3.5,,,2021-09-05
2021-09-06,Peacock’s Paradise,2021,https://boxd.it/27nobn,3,,,2021-09-05
2021-09-06,Happening,2021,https://boxd.it/27oOop,3.5,,,2021-09-05
2021-09-06,Mona Lisa and the Blood Moon,2021,https://boxd.it/27v3vx,3.5,,,2021-09-06
2021-09-06,Lost Illusions,2021,https://boxd.it/27vDAD,3.5,,,2021-09-06
2021-09-07,The Great Movement,2021,https://boxd.it/27wemt,3,,,2021-09-06
2021-09-07,Reflection,2021,https://boxd.it/27yYC7,3,,,2021-09-06
2021-09-07,The Box,2021,https://boxd.it/27Fpi1,2,,,2021-09-07
2021-09-08,The Queen of Hearts,2021,https://boxd.it/27FIiz,1,,,2021-09-07
2021-09-08,Life of Crime: 1984-2020,2021,https://boxd.it/27Glor,4,,,2021-09-07
2021-09-08,Once Upon a Time in Calcutta,2021,https://boxd.it/27HnA7,3,,,2021-09-07
2021-09-08,Captain Volkonogov Escaped,2021,https://boxd.it/27IQeB,2.5,,,2021-09-07
2021-09-08,Old Henry,2021,https://boxd.it/27NaDz,3,,,2021-09-08
2021-09-08,The King of Laughter,2021,https://boxd.it/27NHmV,4,,,2021-09-08
2021-09-09,Semiotic Plastic,2021,https://boxd.it/27O6J1,4,,,2021-09-08
2021-09-09,Django & Django: Sergio Corbucci Unchained,2021,https://boxd.it/27Ow5V,3,,,2021-09-08
2021-09-09,The 7 Days of Bergamo,2021,https://boxd.it/27Qbpz,2,,,2021-09-08
2021-09-09,Giulia,2021,https://boxd.it/27RAPp,3.5,,,2021-09-08
2021-09-09,Freaks Out,2021,https://boxd.it/27VAj7,2.5,,,2021-09-09
2021-09-10,INU-OH,2021,https://boxd.it/27Wdaj,3.5,,,2021-09-09
2021-09-10,On the Job: The Missing 8,2021,https://boxd.it/27YQ1z,3,,,2021-09-09
2021-09-10,America Latina,2021,https://boxd.it/282QUd,1.5,,,2021-09-10
2021-09-11,Anatomy of Time,2021,https://boxd.it/283FNR,2.5,,,2021-09-10
2021-09-11,Leave No Traces,2021,https://boxd.it/2858CZ,3.5,,,2021-09-10
2021-09-11,Another World,2021,https://boxd.it/28bm6b,4,,,2021-09-11
2021-09-13,The Projectionist,2019,https://boxd.it/28pyCh,3,,,2021-09-12
2021-09-14,Othello,1951,https://boxd.it/28yxmZ,4.5,,,2021-09-13
2021-09-15,Punch-Drunk Venice,2021,,3.5,,,2021-09-14
2021-09-16,Marx Can Wait,2021,https://boxd.it/28N41t,3.5,,,2021-09-15
2021-09-17,Viva l'Italia!,1961,https://boxd.it/28VIUT,4,,,2021-09-16
2021-09-18,Mr. Arkadin,1955,https://boxd.it/292CFd,4,,,2021-09-17
2021-09-18,The Immortal Story,1968,https://boxd.it/2935xR,5,,,2021-09-18
2021-09-18,Prince - Sign o' the Times,1987,https://boxd.it/297iaz,5,,,2021-09-18
2021-09-20,Summer Interlude,1951,https://boxd.it/29l0Oz,4,,,2021-09-19
2021-09-21,Missile,1988,https://boxd.it/29tKhH,4,,,2021-09-20
2021-09-21,The Death of David Cronenberg,2021,https://boxd.it/29x1Pn,3,,,2021-09-21
2021-09-22,Raw,2016,https://boxd.it/29DNb3,3,,,2021-09-22
2021-09-23,Summer with Monika,1953,https://boxd.it/29ItDh,4,,,2021-09-22
2021-09-24,The Taking of Power by Louis XIV,1966,https://boxd.it/29PWuH,3.5,,,2021-09-24
2021-09-25,Zeros and Ones,2021,https://boxd.it/29WOWn,4,,,2021-09-24
2021-09-26,A Hero,2021,https://boxd.it/2a2sFB,4.5,,,2021-09-25
2021-09-26,The Worst Person in the World,2021,https://boxd.it/2a41zF,3.5,,,2021-09-25
2021-09-26,The Giants,2021,https://boxd.it/2a63yX,3.5,,,2021-09-25
2021-09-27,Drive My Car,2021,https://boxd.it/2abxYB,4.5,,,2021-09-26
2021-09-27,A Chiara,2021,https://boxd.it/2adqA7,3.5,,,2021-09-26
2021-09-28,We Have a Pope,2011,https://boxd.it/2aozsN,3,,,2021-09-28
2021-09-29,Bitter Moon,1992,https://boxd.it/2avVHp,3.5,,,2021-09-28
2021-09-30,Annette,2021,https://boxd.it/2aCFBJ,4.5,,,2021-09-29
2021-09-30,Mia madre,2015,https://boxd.it/2aDVtt,4,,,2021-09-30
2021-10-01,Titane,2021,https://boxd.it/2aKnLx,3.5,,,2021-09-30
2021-10-04,Woman on the Beach,2006,https://boxd.it/2bgg9P,3.5,,,2021-10-04
2021-10-05,Underworld,1927,https://boxd.it/2bpJvN,4,,,2021-10-04
2021-10-06,Breathless,1960,https://boxd.it/2bx5Uz,4.5,,,2021-10-05
2021-10-08,Blaise Pascal,1972,https://boxd.it/2bOM7J,4.5,,,2021-10-08
2021-10-09,France,2021,https://boxd.it/2bWUmj,3.5,,,2021-10-08
2021-10-19,No Time to Die,2021,https://boxd.it/2dzo5H,2.5,,,2021-10-19
2021-10-20,Three Floors,2021,https://boxd.it/2dGLuJ,3,,,2021-10-19
2021-10-21,The Last Duel,2021,https://boxd.it/2dQ6Hx,3.5,,,2021-10-21
2021-10-23,One More Time with Feeling,2016,https://boxd.it/2e5bgr,4,Yes,,2021-10-22
2021-10-24,The Meaning of Life,1983,https://boxd.it/2egwWZ,4.5,Yes,,2021-10-23
2021-11-07,The Age of the Medici,1972,https://boxd.it/2gzFpL,4,,,2021-11-07
2021-11-08,Days,2020,https://boxd.it/2gFkk3,4,,,2021-11-07
2021-11-08,Twentynine Palms,2003,https://boxd.it/2gGpsD,3,,,2021-11-07
2021-11-08,The Seventh Seal,1957,https://boxd.it/2gI7LL,4.5,,,2021-11-07
2021-11-09,Jezebel,1938,https://boxd.it/2gXNSp,3.5,,,2021-11-09
2021-11-10,Smiles of a Summer Night,1955,https://boxd.it/2h2NwD,4,,,2021-11-09
2021-11-12,The Best Years of Our Lives,1946,https://boxd.it/2hk6np,4.5,,,2021-11-11
2021-11-13,Aspen,1991,https://boxd.it/2htFMH,3.5,,,2021-11-13
2021-11-14,The Messiah,1975,https://boxd.it/2hGIoT,4.5,,,2021-11-14
2021-11-15,The Docks of New York,1928,https://boxd.it/2hS0EH,4,,,2021-11-14
2021-11-17,Wild Strawberries,1957,https://boxd.it/2ia4e5,5,,,2021-11-16
2021-11-17,The Seventh Continent,1989,https://boxd.it/2iaUrZ,4,,,2021-11-16
2021-11-18,Wuthering Heights,1939,https://boxd.it/2ik0JN,3,,,2021-11-18
2021-11-19,The Magician,1958,https://boxd.it/2irRuP,4,,,2021-11-18
2021-11-20,"Lemmings, Part 1 – Arcadia",1979,https://boxd.it/2iAwKP,4,,,2021-11-19
2021-11-21,The French Dispatch,2021,https://boxd.it/2iIQIl,3,,,2021-11-20
2021-11-22,The Letter,1940,https://boxd.it/2iVp4f,4,,,2021-11-21
2021-11-23,Mulholland Drive,2001,https://boxd.it/2j56lB,5,Yes,,2021-11-22
2021-11-24,"Lemmings, Part 2 – Injuries",1979,https://boxd.it/2jdr6j,3.5,,,2021-11-24
2021-11-25,Brink of Life,1958,https://boxd.it/2jlyeb,3.5,,,2021-11-24
2021-11-26,The Little Foxes,1941,https://boxd.it/2juooX,4,,,2021-11-26
2021-11-29,"Planes, Trains and Automobiles",1987,https://boxd.it/2k00WZ,3,,,2021-11-28
2021-12-10,West Side Story,1961,https://boxd.it/2lzKgJ,4.5,,,2021-12-09
2021-12-11,Julius Caesar,1953,https://boxd.it/2lJ4hP,3.5,,,2021-12-11
2021-12-13,Don't Look Up,2021,https://boxd.it/2m1bEd,2,,,2021-12-12
2021-12-18,Get Out,2017,https://boxd.it/2mPMQb,3,,,2021-12-17
2021-12-20,The Zen Diaries of Garry Shandling,2018,https://boxd.it/2nkPfp,4,,,2021-12-20
2021-12-21,No Sudden Move,2021,https://boxd.it/2nrT0n,3.5,,,2021-12-21
2021-12-22,Benny's Video,1992,https://boxd.it/2nCBtD,3,,,2021-12-21
2021-12-25,Machete,2010,https://boxd.it/2oeJF9,3.5,Yes,,2021-12-24
2021-12-26,Fireworks,1997,https://boxd.it/2otlcd,4,,,2021-12-25
2021-12-29,The Beatles: Get Back,2021,https://boxd.it/2pgw0l,4,,,2021-12-28
2022-01-02,West Side Story,2021,https://boxd.it/2qmyN1,4,,,2022-01-01
2022-01-04,Compartment No. 6,2021,https://boxd.it/2r16wD,3.5,,,2022-01-03
2022-01-05,Outside Satan,2011,https://boxd.it/2rj7Sr,4,,,2022-01-04
2022-01-06,House of Gucci,2021,https://boxd.it/2ryM1D,3,,,2022-01-05
2022-01-07,Mrs. Miniver,1942,https://boxd.it/2rMAgp,3.5,,,2022-01-06
2022-01-08,71 Fragments of a Chronology of Chance,1994,https://boxd.it/2s0XYR,4,,,2022-01-07
2022-01-09,The Last Command,1928,https://boxd.it/2sjEsZ,4.5,,,2022-01-09
2022-01-10,Targets,1968,https://boxd.it/2sBLWt,4.5,,,2022-01-09
2022-01-11,DAU. The Empire. Novel One: Return Of The Prodigal Son,2020,https://boxd.it/2sSiuT,4,,,2022-01-11
2022-01-13,The Devil's Eye,1960,https://boxd.it/2tnRAT,3.5,,,2022-01-12
2022-01-14,Kingdom of Heaven,2005,https://boxd.it/2tDBVt,3,,,2022-01-14
2022-01-15,The Tragedy of Macbeth,2021,https://boxd.it/2tRsuh,4,,,2022-01-15
2022-01-16,The Heiress,1949,https://boxd.it/2tZzYp,3.5,,,2022-01-15
2022-01-16,Funny Games,1997,https://boxd.it/2u20rh,4,,,2022-01-15
2022-01-16,Through a Glass Darkly,1961,https://boxd.it/2u3vFh,4.5,,,2022-01-15
2022-01-16,"Paris, Texas",1984,https://boxd.it/2u8wt7,4.5,,,2022-01-16
2022-01-17,Detective Story,1951,https://boxd.it/2uiiH5,4,,,2022-01-16
2022-01-17,Winter Light,1963,https://boxd.it/2ukzEh,4,,,2022-01-16
2022-01-17,The Last Picture Show,1971,https://boxd.it/2ur9YT,4.5,,,2022-01-17
2022-01-18,The Piano Teacher,2001,https://boxd.it/2uyIRH,4.5,,,2022-01-17
2022-01-18,Code Unknown,2000,https://boxd.it/2uAEQf,3.5,,,2022-01-17
2022-01-18,Time of the Wolf,2003,https://boxd.it/2uC2iD,3.5,,,2022-01-17
2022-01-18,Caché,2005,https://boxd.it/2uLnRR,4,,,2022-01-18
2022-01-19,Licorice Pizza,2021,https://boxd.it/2uRi2V,4.5,,,2022-01-18
2022-01-20,Slack Bay,2016,https://boxd.it/2v9ywN,3.5,,,2022-01-20
2022-01-22,Diabolik,2021,https://boxd.it/2vsvPZ,3,,,2022-01-22
2022-01-24,Scream,1996,https://boxd.it/2vO6TV,4.5,,,2022-01-23
2022-01-24,Scream 2,1997,https://boxd.it/2vP8QL,3.5,,,2022-01-23
2022-01-24,Scream 3,2000,https://boxd.it/2vRYkB,3,,,2022-01-23
2022-01-24,Scream 4,2011,https://boxd.it/2vVIvr,3.5,,,2022-01-23
2022-01-26,Vampyr,1932,https://boxd.it/2wj4R1,4.5,,,2022-01-25
2022-01-26,It Comes at Night,2017,https://boxd.it/2wkGWP,2,,,2022-01-25
2022-01-28,The Ninth Gate,1999,https://boxd.it/2wHNpp,3.5,,,2022-01-28
2022-01-29,Nightmare Alley,1947,https://boxd.it/2wSNzB,3.5,,,2022-01-29
2022-01-31,Black Girl,1966,https://boxd.it/2xjXs5,4,,,2022-01-30
2022-02-01,The White Ribbon,2009,https://boxd.it/2xwGs9,4,,,2022-02-01
2022-02-02,The Matrix Resurrections,2021,https://boxd.it/2xHlId,3.5,,,2022-02-01
2022-02-03,Andrei Rublev,1966,https://boxd.it/2xRzUn,4.5,,,2022-02-02
2022-02-04,Ivan's Childhood,1962,https://boxd.it/2y0jjj,3.5,,,2022-02-03
2022-02-07,Scream,2022,https://boxd.it/2yIkPt,2.5,,,2022-02-07
2022-02-08,The Desperate Hours,1955,https://boxd.it/2yOwBv,3.5,,,2022-02-07
2022-02-09,Zoo,1993,https://boxd.it/2yZ9KL,3.5,,,2022-02-09
2022-02-10,Nightmare Alley,2021,https://boxd.it/2z9gDR,3.5,,,2022-02-09
2022-02-11,Roman Holiday,1953,https://boxd.it/2zjXw5,4,,,2022-02-11
2022-02-12,Thunderbolt,1929,https://boxd.it/2ztVg5,4,,,2022-02-11
2022-02-12,The Silence,1963,https://boxd.it/2zv9Kl,4,,,2022-02-12
2022-02-13,Family Nest,1979,https://boxd.it/2zGmbb,3.5,,,2022-02-12
2022-02-13,Pirates,1986,https://boxd.it/2zIayr,3,,,2022-02-13
2022-02-14,Nostalgia,1983,https://boxd.it/2zPLBB,4,,,2022-02-13
2022-02-14,Kimi,2022,https://boxd.it/2zVN4V,3,,,2022-02-14
2022-02-15,Mirror,1975,https://boxd.it/2A5NoV,4.5,,,2022-02-14
2022-02-16,The Sacrifice,1986,https://boxd.it/2AfYSR,5,,,2022-02-15
2022-02-21,Leonora addio,2022,https://boxd.it/2Bbh7p,3.5,,,2022-02-20
2022-02-22,Night and Day,2008,https://boxd.it/2BqI2B,3.5,,,2022-02-22
2022-02-23,All These Women,1964,https://boxd.it/2BBu91,3.5,,,2022-02-23
2022-02-24,The Blue Angel,1930,https://boxd.it/2BL9dr,4.5,,,2022-02-23
2022-02-25,The Big Country,1958,https://boxd.it/2BUBZB,4,,,2022-02-25
