Date,Name,Year,Letterboxd URI,Rating
2017-03-03,The Wild Bunch,1969,https://boxd.it/2a5y,5
2017-03-03,Blue Velvet,1986,https://boxd.it/29BI,5
2017-03-03,Nocturnal Animals,2016,https://boxd.it/bkFu,3.5
2017-03-03,The Neon Demon,2016,https://boxd.it/9AnW,4.5
2017-03-03,Drive,2011,https://boxd.it/IG,4
2017-03-03,Valhalla Rising,2009,https://boxd.it/17lc,3.5
2017-03-03,The Cabin in the Woods,2011,https://boxd.it/1zOc,3.5
2018-09-09,Stripped,2018,https://boxd.it/j9tI,3
2018-09-09,The Truk,2018,https://boxd.it/jDYw,2.5
2018-09-09,My Masterpiece,2018,https://boxd.it/jv20,3
2018-09-09,The Favourite,2018,https://boxd.it/d2hI,3.5
2018-09-09,Your Face,2018,https://boxd.it/jBjG,4
2018-09-09,The Announcement,2018,https://boxd.it/jBVq,3.5
2018-09-09,Close Enemies,2018,https://boxd.it/hrHu,3
2018-09-09,Peterloo,2018,https://boxd.it/e02S,3.5
2018-09-09,The Quietude,2018,https://boxd.it/hmZo,1
2018-09-09,"El Pepe, A Supreme Life",2018,https://boxd.it/jD60,2
2018-09-09,Carmine Street Guitars,2018,https://boxd.it/jDVi,2.5
2018-09-09,Vox Lux,2018,https://boxd.it/fcFk,3
2018-09-09,At Eternity's Gate,2018,https://boxd.it/hI40,2.5
2018-09-09,Shadow,2018,https://boxd.it/gzLi,3
2018-09-09,Death in Venice,1971,https://boxd.it/21tm,4.5
2018-09-09,The Tree of Life,2011,https://boxd.it/1Zu8,5
2018-09-09,Capri-Revolution,2018,https://boxd.it/jBgM,2
2019-09-01,Francisca,1981,https://boxd.it/3IYO,4
2019-09-01,Marriage Story,2019,https://boxd.it/hJAw,4
2019-09-01,5 Is the Perfect Number,2019,https://boxd.it/kYxy,2.5
2019-09-01,Sole,2019,https://boxd.it/lqQI,2
2019-09-01,Valmont,1989,https://boxd.it/17WW,3.5
2019-09-01,Booksmart,2019,https://boxd.it/igNS,3.5
2019-09-01,A Cure for Wellness,2016,https://boxd.it/bkQW,3.5
2019-09-01,It,2017,https://boxd.it/bC8e,2.5
2019-09-01,Shin Godzilla,2016,https://boxd.it/a9lm,4
2019-09-01,The Graduate,1967,https://boxd.it/18Im,4.5
2019-09-01,Castaway on the Moon,2009,https://boxd.it/1GXU,3.5
2019-09-01,The Club,2015,https://boxd.it/amQC,4
2019-09-03,The Painted Bird,2019,https://boxd.it/h8u2,1
2019-09-03,No. 7 Cherry Lane,2019,https://boxd.it/mMg0,1.5
2019-09-03,My Days of Glory,2019,https://boxd.it/lqRc,2.5
2019-09-03,Our Time,2018,https://boxd.it/dAje,4.5
2019-09-03,The Incredible Shrinking Man,1957,https://boxd.it/1ixS,4
2019-09-03,Midsommar,2019,https://boxd.it/jhxe,4
2019-09-03,Spider-Man: Into the Spider-Verse,2018,https://boxd.it/azpY,4.5
2019-09-03,About Endlessness,2019,https://boxd.it/bHua,3
2019-09-04,45 Seconds of Laughter,2019,https://boxd.it/mRV8,3
2019-09-04,Saturday Fiction,2019,https://boxd.it/hXmo,3.5
2019-09-04,Babyteeth,2019,https://boxd.it/iWDU,2.5
2019-09-05,"Goodbye, Dragon Inn",2003,https://boxd.it/oFG,5
2019-09-05,Gloria Mundi,2019,https://boxd.it/l1cI,2.5
2019-09-06,Crash,1996,https://boxd.it/29n2,5
2019-09-06,The Domain,2019,https://boxd.it/mQB2,2.5
2019-09-06,Volare,2019,https://boxd.it/mGqS,1
2019-09-06,The Mafia Is No Longer What It Used to Be,2019,https://boxd.it/mRiU,4.5
2019-09-07,Ecstasy,1933,https://boxd.it/Vee,4
2019-09-07,Giants Being Lonely,2019,https://boxd.it/mRKY,2
2019-09-07,Joker,2019,https://boxd.it/h4cS,3
2019-09-07,Zumiriki,2019,https://boxd.it/mRDI,4.5
2019-09-07,Eyes Wide Shut,1999,https://boxd.it/2axs,5
2019-09-10,Videodrome,1983,https://boxd.it/29uC,5
2019-09-10,Once Upon a Time in the West,1968,https://boxd.it/2az4,5
2019-09-10,Vertigo,1958,https://boxd.it/2apI,5
2019-09-10,Dr. Strangelove or: How I Learned to Stop Worrying and Love the Bomb,1964,https://boxd.it/29eY,5
2019-09-10,Citizen Kane,1941,https://boxd.it/71O,5
2019-09-10,Greed,1924,https://boxd.it/28Pa,5
2019-09-10,Mulholland Drive,2001,https://boxd.it/297o,5
2019-09-10,Napoleon,1927,https://boxd.it/WEC,5
2019-09-10,The Cabinet of Dr. Caligari,1920,https://boxd.it/2aOo,5
2019-09-10,A Page of Madness,1926,https://boxd.it/3i2u,5
2019-09-10,The Act of Killing,2012,https://boxd.it/44Cg,5
2019-09-10,The Thin Red Line,1998,https://boxd.it/1ZTM,5
2019-09-10,Once Upon a Time in America,1984,https://boxd.it/2aCs,5
2019-09-10,Metropolis,1927,https://boxd.it/71a,5
2019-09-10,M,1931,https://boxd.it/29vq,5
2019-09-10,Close Encounters of the Third Kind,1977,https://boxd.it/29u8,5
2019-09-10,Sunrise: A Song of Two Humans,1927,https://boxd.it/29Xk,5
2019-09-10,"Salò, or the 120 Days of Sodom",1975,https://boxd.it/237s,5
2019-09-10,The Hateful Eight,2015,https://boxd.it/8gw8,4
2019-09-10,No Country for Old Men,2007,https://boxd.it/21ew,5
2019-09-10,The Big Lebowski,1998,https://boxd.it/2b6C,5
2019-09-10,Once Upon a Time… in Hollywood,2019,https://boxd.it/gH0O,5
2019-09-10,Stalker,1979,https://boxd.it/28PO,5
2019-09-10,Battleship Potemkin,1925,https://boxd.it/29Vo,5
2019-09-10,Tokyo Story,1953,https://boxd.it/1HuY,5
2019-09-10,Raging Bull,1980,https://boxd.it/28yI,5
2019-09-10,Arsenal,1929,https://boxd.it/32dm,5
2019-09-10,Late Spring,1949,https://boxd.it/1DkK,5
2019-09-10,Ugetsu,1953,https://boxd.it/1NyM,5
2019-09-10,October (Ten Days that Shook the World),1927,https://boxd.it/29N0,5
2019-09-10,Intolerance: Love's Struggle Throughout the Ages,1916,https://boxd.it/25Qk,5
2019-09-10,"Monsters, Inc.",2001,https://boxd.it/2a46,5
2019-09-10,Seven Samurai,1954,https://boxd.it/2axi,5
2019-09-10,Ikiru,1952,https://boxd.it/251c,5
2019-09-10,Brazil,1985,https://boxd.it/2be2,5
2019-09-10,The Third Man,1949,https://boxd.it/294E,5
2019-09-10,Schindler's List,1993,https://boxd.it/2aq2,5
2019-09-10,L'Atalante,1934,https://boxd.it/ThU,5
2019-09-10,The Life of Oharu,1952,https://boxd.it/UFy,5
2019-09-10,Ran,1985,https://boxd.it/1Tlu,5
2019-09-10,Stagecoach,1939,https://boxd.it/297S,5
2019-09-10,After Hours,1985,https://boxd.it/1VfS,5
2019-09-10,The Grapes of Wrath,1940,https://boxd.it/2a2u,5
2019-09-10,Izo,2004,https://boxd.it/1REO,5
2019-09-10,The Conformist,1970,https://boxd.it/20cE,5
2019-09-10,Sansho the Bailiff,1954,https://boxd.it/1Dkq,5
2019-09-10,Rio Bravo,1959,https://boxd.it/2aE4,5
2019-09-10,Throne of Blood,1957,https://boxd.it/251w,5
2019-09-10,Fantasia,1940,https://boxd.it/29HG,5
2019-09-10,Rashomon,1950,https://boxd.it/2a9K,5
2019-09-10,Heimat,1984,https://boxd.it/mKpY,5
2019-09-10,The Battle of Algiers,1966,https://boxd.it/1IRY,5
2019-09-10,The Baby of Mâcon,1993,https://boxd.it/23qu,5
2019-09-10,Caro diario,1993,https://boxd.it/1vT8,4.5
2019-09-10,Some Like It Hot,1959,https://boxd.it/2aNA,5
2019-09-10,Collateral,2004,https://boxd.it/28F0,4.5
2019-09-10,Phantom Thread,2017,https://boxd.it/e4uc,5
2019-09-10,Dressed to Kill,1980,https://boxd.it/1UO8,4.5
2019-09-10,Chimes at Midnight,1965,https://boxd.it/299k,4.5
2019-09-10,High and Low,1963,https://boxd.it/1RSc,4.5
2019-09-10,The Trial,1962,https://boxd.it/25Xg,5
2019-09-10,Lincoln,2012,https://boxd.it/2n2s,4.5
2019-09-10,'Til Madness Do Us Part,2013,https://boxd.it/6oFS,5
2019-09-10,Naked Lunch,1991,https://boxd.it/26ow,5
2019-09-10,Multiple Maniacs,1970,https://boxd.it/1vs2,4.5
2019-09-10,The Apartment,1960,https://boxd.it/2aGE,4.5
2019-09-10,The Exterminating Angel,1962,https://boxd.it/1nRS,4.5
2019-09-10,Nosferatu,1922,https://boxd.it/29TM,5
2019-09-10,Nosferatu the Vampyre,1979,https://boxd.it/21J0,4.5
2019-09-10,"Aguirre, the Wrath of God",1972,https://boxd.it/27Fe,5
2019-09-10,Fitzcarraldo,1982,https://boxd.it/1YV8,5
2019-09-10,Pulp Fiction,1994,https://boxd.it/29Pq,5
2019-09-10,Jackie Brown,1997,https://boxd.it/2aVO,5
2019-09-10,Equinox Flower,1958,https://boxd.it/2lkY,4.5
2019-09-10,Twentieth Century,1934,https://boxd.it/1ifE,4.5
2019-09-10,Audition,1999,https://boxd.it/1UHm,4.5
2019-09-10,Gummo,1997,https://boxd.it/1H0Y,4.5
2019-09-10,The Invisible Man,1933,https://boxd.it/1VoK,4.5
2019-09-10,Kings of the Road,1976,https://boxd.it/1Vhk,4.5
2019-09-10,Band of Outsiders,1964,https://boxd.it/20Aw,4
2019-09-10,La Jetée,1962,https://boxd.it/29Sk,4.5
2019-09-10,An American Werewolf in London,1981,https://boxd.it/29yk,4.5
2019-09-10,The Blues Brothers,1980,https://boxd.it/2adi,5
2019-09-10,Carrie,1976,https://boxd.it/20ZQ,4.5
2019-09-10,Drunken Angel,1948,https://boxd.it/1uYQ,4
2019-09-10,Easy Rider,1969,https://boxd.it/29Ys,4.5
2019-09-10,Viridiana,1961,https://boxd.it/24eE,4.5
2019-09-10,Dogman,2018,https://boxd.it/hniA,4
2019-09-10,Faces Places,2017,https://boxd.it/g7ck,4
2019-09-10,Shoplifters,2018,https://boxd.it/ifY6,4
2019-09-10,The Verdict,1982,https://boxd.it/1y3Y,4.5
2019-09-10,The Draughtsman's Contract,1982,https://boxd.it/1VhO,4
2019-09-10,His Girl Friday,1940,https://boxd.it/25M8,4.5
2019-09-10,Eyes Without a Face,1960,https://boxd.it/1j9i,4.5
2019-09-10,The Look of Silence,2014,https://boxd.it/8006,4.5
2019-09-10,Dersu Uzala,1975,https://boxd.it/1XRO,4.5
2019-09-10,"Professor, My Son",1946,https://boxd.it/6dXG,4.5
2019-09-10,"Je, Tu, Il, Elle",1974,https://boxd.it/3gWK,4
2019-09-10,The 47 Ronin,1941,https://boxd.it/Ofu,4.5
2019-09-10,Horse Money,2014,https://boxd.it/8QX0,4
2019-09-10,Kagemusha,1980,https://boxd.it/1SGG,4.5
2019-09-10,A. K.,1985,https://boxd.it/dSDQ,4
2019-09-10,"Duck, You Sucker",1971,https://boxd.it/2ayU,4
2019-09-10,The Master,2012,https://boxd.it/2cBG,5
2019-09-10,Night of the Living Dead,1968,https://boxd.it/1WwA,4.5
2019-09-10,The Milky Way,1969,https://boxd.it/1cVk,4.5
2019-09-10,"The Cook, the Thief, His Wife & Her Lover",1989,https://boxd.it/20VO,4.5
2019-09-10,"Ivan the Terrible, Part I",1944,https://boxd.it/1XMO,4.5
2019-09-10,Son of Saul,2015,https://boxd.it/b6r4,5
2019-09-10,Sunset,2018,https://boxd.it/dZ5w,4
2019-09-10,In the Realm of the Senses,1976,https://boxd.it/22qS,4.5
2019-09-10,Oldboy,2003,https://boxd.it/29R2,4
2019-09-10,Park Row,1952,https://boxd.it/1uh8,4.5
2019-09-10,Faust,1926,https://boxd.it/1Vxi,4.5
2019-09-10,The Nibelungen: Kriemhild's Revenge,1924,https://boxd.it/WIu,4.5
2019-09-10,The Last Laugh,1924,https://boxd.it/22es,5
2019-09-10,Blow Out,1981,https://boxd.it/1TlE,4.5
2019-09-10,Dogville,2003,https://boxd.it/2a8W,4.5
2019-09-10,Elephant,2003,https://boxd.it/287i,4.5
2019-09-10,The Son's Room,2001,https://boxd.it/1TPE,4.5
2019-09-10,The Exorcist,1973,https://boxd.it/1Yoo,4.5
2019-09-10,The Ninth Configuration,1980,https://boxd.it/1G4q,5
2019-09-10,Hereditary,2018,https://boxd.it/hNVe,3.5
2019-09-10,The Phantom of Liberty,1974,https://boxd.it/22VG,4.5
2019-09-10,"O Brother, Where Art Thou?",2000,https://boxd.it/2b3I,4.5
2019-09-10,A Grin Without a Cat,1977,https://boxd.it/x8c,4.5
2019-09-10,Annie Hall,1977,https://boxd.it/29M2,4.5
2019-09-10,The House That Jack Built,2018,https://boxd.it/dWO4,4.5
2019-09-10,Red River,1948,https://boxd.it/25Lu,4.5
2019-09-10,Bianca,1984,https://boxd.it/1N06,4
2019-09-10,Simon of the Desert,1965,https://boxd.it/1aXe,4
2019-09-10,Pain and Glory,2019,https://boxd.it/iOBQ,3.5
2019-09-10,Fear and Loathing in Las Vegas,1998,https://boxd.it/27Xs,4
2019-09-10,mother!,2017,https://boxd.it/dgRU,3.5
2019-09-10,Nightwatching,2007,https://boxd.it/247I,4
2019-09-10,Scarlet Street,1945,https://boxd.it/1JgE,4
2019-09-10,Caliber 9,1972,https://boxd.it/12Fm,4
2019-09-10,The Lost City of Z,2016,https://boxd.it/a7jS,4
2019-09-10,King Kong,2005,https://boxd.it/2aLa,4.5
2019-09-10,Center Stage,1991,https://boxd.it/2enm,4
2019-09-10,The Other Side of Hope,2017,https://boxd.it/fcFE,4
2019-09-10,Call Me by Your Name,2017,https://boxd.it/dYmm,4
2019-09-10,Crows Zero,2007,https://boxd.it/1N4i,3.5
2019-09-10,Picnic at Hanging Rock,1975,https://boxd.it/1UQe,4
2019-09-10,Being John Malkovich,1999,https://boxd.it/2ahu,4
2019-09-10,Prisoners,2013,https://boxd.it/4E5i,3.5
2019-09-10,Escape from New York,1981,https://boxd.it/294k,3.5
2019-09-10,Blade Runner,1982,https://boxd.it/2bcA,5
2019-09-10,The Disaster Artist,2017,https://boxd.it/cTqc,3.5
2019-09-10,Lady Macbeth,2016,https://boxd.it/erJk,3.5
2019-09-10,Midnight Cowboy,1969,https://boxd.it/25Hi,4
2019-09-10,Essential Killing,2010,https://boxd.it/IWs,3.5
2019-09-10,Tanna,2015,https://boxd.it/caI6,3.5
2019-09-10,Loveless,2017,https://boxd.it/fcFa,4
2019-09-10,The Grand Budapest Hotel,2014,https://boxd.it/3ZqO,4
2019-09-10,The Departed,2006,https://boxd.it/28MA,4
2019-09-10,The Wolf of Wall Street,2013,https://boxd.it/3C1m,3.5
2019-09-10,Taxi Driver,1976,https://boxd.it/2b8y,4.5
2019-09-10,GoodFellas,1990,https://boxd.it/29FA,5
2019-09-10,Shutter Island,2010,https://boxd.it/1U82,3.5
2019-09-10,Hugo,2011,https://boxd.it/R08,3.5
2019-09-10,Gangs of New York,2002,https://boxd.it/25FG,4
2019-09-10,Casino,1995,https://boxd.it/2ads,4.5
2019-09-10,The Aviator,2004,https://boxd.it/26BU,4.5
2019-09-10,The Rocky Horror Picture Show,1975,https://boxd.it/1a3q,4
2019-09-10,Shaun of the Dead,2004,https://boxd.it/29J8,4
2019-09-10,Hot Fuzz,2007,https://boxd.it/2416,3.5
2019-09-10,Baby Driver,2017,https://boxd.it/bhF2,3.5
2019-09-10,The Descent,2005,https://boxd.it/1YNy,3.5
2019-09-10,That Obscure Object of Desire,1977,https://boxd.it/22zg,4
2019-09-10,Lost Highway,1997,https://boxd.it/29Wc,5
2019-09-10,The House by the Sea,2017,https://boxd.it/gLyA,3.5
2019-09-10,The Man Who Killed Don Quixote,2018,https://boxd.it/9rkY,4
2019-09-10,The Belly of an Architect,1987,https://boxd.it/1IWO,4.5
2019-09-10,BlacKkKlansman,2018,https://boxd.it/hxL8,4
2019-09-10,Casualties of War,1989,https://boxd.it/1WZ8,4
2019-09-10,First Reformed,2017,https://boxd.it/go9C,4.5
2019-09-10,Dead or Alive: Final,2002,https://boxd.it/1b3c,3.5
2019-09-10,The Witch,2015,https://boxd.it/9X0m,4
2019-09-10,Phantom of the Paradise,1974,https://boxd.it/1s34,4
2019-09-10,Detroit,2017,https://boxd.it/el3C,4
2019-09-10,"Good Morning, Night",2003,https://boxd.it/1yby,4
2019-09-10,Love Me Tonight,1932,https://boxd.it/1iTa,4
2019-09-10,True Grit,2010,https://boxd.it/Sog,3.5
2019-09-10,Us,2019,https://boxd.it/gnV6,4
2019-09-10,The Whispering Star,2015,https://boxd.it/c2y8,4
2019-09-10,It Follows,2014,https://boxd.it/87wo,3.5
2019-09-10,Goodnight Mommy,2014,https://boxd.it/8Niy,3.5
2019-09-10,Easy,2017,https://boxd.it/gIZS,3.5
2019-09-10,Big Trouble in Little China,1986,https://boxd.it/21em,4
2019-09-10,All the President's Men,1976,https://boxd.it/29lU,4
2019-09-10,Alexander Nevsky,1938,https://boxd.it/1WKC,4
2019-09-10,The Hidden Fortress,1958,https://boxd.it/295M,4
2019-09-10,Drugstore Cowboy,1989,https://boxd.it/2aj6,4
2019-09-10,Billy Lynn's Long Halftime Walk,2016,https://boxd.it/9g2Y,3
2019-09-10,Embrace of the Serpent,2015,https://boxd.it/baba,4
2019-09-10,A Taxi Driver,2017,https://boxd.it/fwac,4
2019-09-10,The Death of Stalin,2017,https://boxd.it/ea9Y,3.5
2019-09-10,The Beyond,1981,https://boxd.it/1FtY,4
2019-09-10,Guardians of the Galaxy Vol. 2,2017,https://boxd.it/8MxC,4
2019-09-10,Elle,2016,https://boxd.it/bdhq,4.5
2019-09-10,The Traitor,2019,https://boxd.it/l8d4,4
2019-09-10,Bone Tomahawk,2015,https://boxd.it/9kiw,3.5
2019-09-10,Foolish Wives,1922,https://boxd.it/1czy,4
2019-09-10,Gran Torino,2008,https://boxd.it/1Qzy,4
2019-09-10,Good Time,2017,https://boxd.it/fcFu,4
2019-09-10,Catch Me If You Can,2002,https://boxd.it/29VS,4.5
2019-09-10,C'est la vie!,2017,https://boxd.it/fk34,3.5
2019-09-10,A Fantastic Woman,2017,https://boxd.it/fcGi,3.5
2019-09-10,Martyrs,2008,https://boxd.it/1Yqu,4
2019-09-10,Carol,2015,https://boxd.it/7DPK,4
2019-09-10,The Story of the Last Chrysanthemum,1939,https://boxd.it/O1i,4
2019-09-10,Guardians of the Galaxy,2014,https://boxd.it/3VH2,3.5
2019-09-10,Tinker Tailor Soldier Spy,2011,https://boxd.it/FRY,4
2019-09-11,Utamaro and His Five Women,1946,https://boxd.it/3sOy,4
2019-09-11,Twin Peaks: Fire Walk with Me,1992,https://boxd.it/27Qw,4
2019-09-11,Blood and Sand,1941,https://boxd.it/S2Y,4
2019-09-11,A Quiet Passion,2016,https://boxd.it/cMXe,4
2019-09-11,A Bigger Splash,2015,https://boxd.it/azgs,3.5
2019-09-11,Suspiria,2018,https://boxd.it/cioI,4
2019-09-11,Frankenstein,1931,https://boxd.it/25Te,4
2019-09-11,Fury,1936,https://boxd.it/1NJg,4
2019-09-11,I Was a Male War Bride,1949,https://boxd.it/1z4o,4
2019-09-11,Citizenfour,2014,https://boxd.it/9eSe,4
2019-09-11,White Heat,1949,https://boxd.it/1Lw0,4.5
2019-09-11,Wonder Wheel,2017,https://boxd.it/fcGC,3.5
2019-09-11,The Homesman,2014,https://boxd.it/7SXO,3.5
2019-09-11,The Nile Hilton Incident,2017,https://boxd.it/fb06,3.5
2019-09-11,Children of Men,2006,https://boxd.it/1Y2i,4
2019-09-11,Gravity,2013,https://boxd.it/GZY,2.5
2019-09-11,Roma,2018,https://boxd.it/f69M,4
2019-09-11,Burden of Dreams,1982,https://boxd.it/XGk,3.5
2019-09-11,The Devil's Candy,2015,https://boxd.it/bWrU,3
2019-09-11,Darkest Hour,2017,https://boxd.it/dZZa,3
2019-09-11,The Crescent,2017,https://boxd.it/gO9y,3.5
2019-09-11,Red Sparrow,2018,https://boxd.it/e7Pi,3.5
2019-09-11,Dawson City: Frozen Time,2016,https://boxd.it/eAmk,3.5
2019-09-11,3 Faces,2018,https://boxd.it/iLoE,3.5
2019-09-11,The Fury,1978,https://boxd.it/1RA8,3.5
2019-09-11,The Great Beauty,2013,https://boxd.it/5ty6,3.5
2019-09-11,Sami Blood,2016,https://boxd.it/enoW,3
2019-09-11,The Killing of a Sacred Deer,2017,https://boxd.it/dZ5G,2.5
2019-09-11,Happy End,2017,https://boxd.it/dZ2C,3.5
2019-09-11,Dolls,1987,https://boxd.it/1xQq,3.5
2019-09-11,"Don't Worry, He Won't Get Far on Foot",2018,https://boxd.it/fLeo,3
2019-09-11,Green Room,2015,https://boxd.it/a75m,3.5
2019-09-11,House on the Edge of the Park,1980,https://boxd.it/1p3g,3
2019-09-11,The Square,2017,https://boxd.it/e5YW,3.5
2019-09-11,Bernie,2011,https://boxd.it/3eWe,3
2019-09-11,Re-Animator,1985,https://boxd.it/28hM,3.5
2019-09-11,The Laundromat,2019,https://boxd.it/iLUK,3.5
2019-09-11,Yakuza Apocalypse,2015,https://boxd.it/8Kd6,3.5
2019-09-11,Where I've Never Lived,2017,https://boxd.it/hg92,3.5
2019-09-11,Ready Player One,2018,https://boxd.it/aZes,3.5
2019-09-11,The Grey,2011,https://boxd.it/2xZE,3.5
2019-09-11,Obsession,1976,https://boxd.it/23QM,3.5
2019-09-11,The Squid and the Whale,2005,https://boxd.it/1VAG,3.5
2019-09-11,The Order of Things,2017,https://boxd.it/gZNk,3.5
2019-09-11,Rainbow: A Private Affair,2017,https://boxd.it/h3yo,3.5
2019-09-11,Bad Santa,2003,https://boxd.it/1WYk,3.5
2019-09-11,Adaptation.,2002,https://boxd.it/26mA,3.5
2019-09-11,Only Lovers Left Alive,2013,https://boxd.it/4O1U,4
2019-09-11,Revenge,2017,https://boxd.it/gL9g,3.5
2019-09-11,The Young Karl Marx,2017,https://boxd.it/e1qc,3.5
2019-09-11,"Nico, 1988",2017,https://boxd.it/gYxq,3.5
2019-09-11,Shinjuku Triad Society,1995,https://boxd.it/1aZa,3.5
2019-09-11,Gone Girl,2014,https://boxd.it/6hQu,4
2019-09-11,Inherent Vice,2014,https://boxd.it/5hla,4.5
2019-09-11,Nanook of the North,1922,https://boxd.it/29Rc,4
2019-09-11,The Post,2017,https://boxd.it/fTeG,3.5
2019-09-11,The Mule,2018,https://boxd.it/idcY,3.5
2019-09-11,Hell or High Water,2016,https://boxd.it/bfGM,3.5
2019-09-11,Tale of Tales,2015,https://boxd.it/a89u,3.5
2019-09-11,Coco,2017,https://boxd.it/bYJQ,3.5
2019-09-11,A Ciambra,2017,https://boxd.it/gaz2,3.5
2019-09-11,My Own Private Idaho,1991,https://boxd.it/2ak4,3.5
2019-09-11,I Am Not Your Negro,2016,https://boxd.it/etXy,3.5
2019-09-11,An Officer and a Spy,2019,https://boxd.it/dZbE,4
2019-09-11,"Santiago, Italia",2018,https://boxd.it/kySK,3.5
2019-09-11,After the Storm,2016,https://boxd.it/d0HY,3.5
2019-09-11,Personal Shopper,2016,https://boxd.it/bkGM,3.5
2019-09-11,Split,2016,https://boxd.it/dgSy,3.5
2019-09-11,Addio fottuti musi verdi,2017,https://boxd.it/gQ7Y,2.5
2019-09-11,The Big Sick,2017,https://boxd.it/eHvy,3.5
2019-09-11,Children of the Night,2016,https://boxd.it/f3sc,2
2019-09-11,Smoke & Mirrors,2016,https://boxd.it/cjtY,3
2019-09-11,The Great Yokai War,2005,https://boxd.it/XZm,3
2019-09-11,The Black Cat,1981,https://boxd.it/1tL2,3
2019-09-11,Rainy Dog,1997,https://boxd.it/1b08,3
2019-09-11,The Happiness of the Katakuris,2001,https://boxd.it/1KDY,3
2019-09-11,Miss Sloane,2016,https://boxd.it/d4QA,3
2019-09-11,Fudoh: The New Generation,1996,https://boxd.it/1aUE,3
2019-09-11,Sicario: Day of the Soldado,2018,https://boxd.it/e4fG,3
2019-09-11,Lost in La Mancha,2002,https://boxd.it/1Cie,3
2019-09-11,Widows,2018,https://boxd.it/e6gc,2
2019-09-11,Murder on the Orient Express,1974,https://boxd.it/24IY,3.5
2019-09-11,Hostiles,2017,https://boxd.it/dpiO,2.5
2019-09-11,Still Alice,2014,https://boxd.it/8Nhq,3
2019-09-11,Elf,2003,https://boxd.it/1VyK,3.5
2019-09-11,Everything You Want,2017,https://boxd.it/glg6,3
2019-09-11,Love and Bullets,2017,https://boxd.it/gM0k,3
2019-09-11,12 Years a Slave,2013,https://boxd.it/2D2e,2
2019-09-11,Virgin Mountain,2015,https://boxd.it/aorY,2.5
2019-09-11,Barrage,2017,https://boxd.it/f8e0,2.5
2019-09-11,Manifesto,2015,https://boxd.it/diI6,2
2019-09-11,Suburbicon,2017,https://boxd.it/dQ8Q,2
2019-09-11,Border,2018,https://boxd.it/iMbG,2
2019-09-11,Lucia's Grace,2018,https://boxd.it/iPiq,2
2019-09-11,Venom,2018,https://boxd.it/b8wA,1.5
2019-09-11,Waiting for the Barbarians,2019,https://boxd.it/igTw,2
2019-09-11,Cinderella the Cat,2017,https://boxd.it/gV8i,3.5
2019-09-11,Belluscone: A Sicilian Story,2014,https://boxd.it/95DY,4
2019-09-11,Arrival,2016,https://boxd.it/aNGk,3
2019-09-11,Control,2007,https://boxd.it/22IC,4
2019-09-11,Killing,2018,https://boxd.it/jlhk,4
2019-09-13,The Assassin,2015,https://boxd.it/7rdE,4
2019-09-14,A Better Tomorrow III: Love and Death in Saigon,1989,https://boxd.it/ZQm,4.5
2019-09-15,Too Old to Die Young,2019,https://boxd.it/mwtW,2.5
2019-09-15,The Handmaiden,2016,https://boxd.it/948A,4.5
2019-09-17,Beauty and the Beast,1991,https://boxd.it/1XhG,4
2019-09-18,Hunger,2008,https://boxd.it/1Wso,3
2019-09-18,Shame,2011,https://boxd.it/2CxU,2.5
2019-09-18,City Lights,1931,https://boxd.it/29ki,5
2019-09-18,Nashville,1975,https://boxd.it/25GE,5
2019-09-18,Laurence Anyways,2012,https://boxd.it/3HQu,4
2019-09-19,Snow White and the Seven Dwarfs,1937,https://boxd.it/2arO,4
2019-09-19,Still Recording,2018,https://boxd.it/jGHo,4
2019-09-20,Lost and Beautiful,2015,https://boxd.it/bN8a,4
2019-09-20,"Black Coal, Thin Ice",2014,https://boxd.it/7xaw,4
2019-09-21,Tusk,2014,https://boxd.it/7eoa,3.5
2019-09-21,Last Days,2005,https://boxd.it/28lY,4
2019-09-23,Closeness,2017,https://boxd.it/g7cY,3.5
2019-09-23,We All Loved Each Other So Much,1974,https://boxd.it/XjK,5
2019-09-23,Wasp Network,2019,https://boxd.it/g5qa,2.5
2019-09-23,Il signor Diavolo,2019,https://boxd.it/meF6,2.5
2019-09-23,Behemoth,2015,https://boxd.it/bQqG,4
2019-09-24,The Family,1987,https://boxd.it/XY4,4
2019-09-24,On the Beach at Night Alone,2017,https://boxd.it/fqEK,4
2019-09-25,Dumbo,1941,https://boxd.it/1U2o,3.5
2019-09-26,Alice in Wonderland,1951,https://boxd.it/1Sz6,4
2019-09-26,Pinocchio,1940,https://boxd.it/1V8C,4.5
2019-09-26,Peter Pan,1953,https://boxd.it/1VCC,3
2019-09-27,Cinderella,1950,https://boxd.it/1Uki,3
2019-09-27,Mary and Max,2009,https://boxd.it/1y2m,4
2019-09-27,The Lords of Salem,2012,https://boxd.it/3yDm,4
2019-09-27,Burning,2018,https://boxd.it/hHUa,4
2019-09-29,Apocalypse Now,1979,https://boxd.it/6ZS,5
2019-09-30,The Sword in the Stone,1963,https://boxd.it/1ZdG,4
2019-09-30,Come and See,1985,https://boxd.it/1w9q,5
2019-10-02,Odissea nell'ospizio,2019,https://boxd.it/mHx6,2
2019-10-03,The Rider,2017,https://boxd.it/gazw,3.5
2019-10-04,The First King,2019,https://boxd.it/kIA2,3
2019-10-04,The Assassination of Jesse James by the Coward Robert Ford,2007,https://boxd.it/24dG,4
2019-10-06,Loro,2018,https://boxd.it/jKqw,4
2019-10-07,Moonlight,2016,https://boxd.it/d6bE,3
2019-10-09,Nimic,2019,https://boxd.it/n10Q,1.5
2019-10-09,First Love,2019,https://boxd.it/m0iC,3.5
2019-10-10,The Nest,2019,https://boxd.it/m8Tc,1.5
2019-10-11,Shaun the Sheep Movie,2015,https://boxd.it/7Pdy,4
2019-10-11,The Pirates! In an Adventure with Scientists!,2012,https://boxd.it/2p1w,4.5
2019-10-13,Bringing Up Baby,1938,https://boxd.it/29ks,5
2019-10-13,Barry Lyndon,1975,https://boxd.it/25A2,5
2019-10-14,El Camino: A Breaking Bad Movie,2019,https://boxd.it/kv0q,2.5
2019-10-15,Young Mr. Lincoln,1939,https://boxd.it/Tsy,4
2019-10-15,Lo and Behold: Reveries of the Connected World,2016,https://boxd.it/cfuo,3.5
2019-10-15,They Died with Their Boots On,1941,https://boxd.it/1IKo,4.5
2019-10-15,High Sierra,1941,https://boxd.it/1r7k,3.5
2019-10-15,Bambi,1942,https://boxd.it/25AQ,3
2019-10-15,The Jungle Book,1967,https://boxd.it/1YY2,3.5
2019-10-15,Wallace & Gromit: The Curse of the Were-Rabbit,2005,https://boxd.it/2ac0,4.5
2019-10-16,Visitor Q,2001,https://boxd.it/24DE,3.5
2019-10-16,Three… Extremes,2004,https://boxd.it/1eGw,3
2019-10-16,Sukiyaki Western Django,2007,https://boxd.it/1PKg,3.5
2019-10-16,The Bird People in China,1998,https://boxd.it/1p9o,3
2019-10-16,Shangri-La,2002,https://boxd.it/NTo,3
2019-10-16,Django,1966,https://boxd.it/1Vr0,4
2019-10-17,Zebraman,2004,https://boxd.it/1b32,3
2019-10-17,Killing Them Softly,2012,https://boxd.it/IQ,4
2019-10-17,One Hundred and One Dalmatians,1961,https://boxd.it/1SeC,3.5
2019-10-21,"Big Bang Love, Juvenile A",2006,https://boxd.it/1Qqc,3.5
2019-10-23,Agitator,2001,https://boxd.it/268S,3.5
2019-10-26,Paddington,2014,https://boxd.it/3RKw,3.5
2019-10-29,Koyaanisqatsi,1982,https://boxd.it/1U9E,4.5
2019-10-30,Paddington 2,2017,https://boxd.it/bCF8,4
2019-10-31,Team America: World Police,2004,https://boxd.it/24QS,3
2019-11-04,Ghostbusters,1984,https://boxd.it/g2w,3.5
2019-11-05,Life Itself,2014,https://boxd.it/7lqC,3.5
2019-11-06,The Irishman,2019,https://boxd.it/dYOq,4
2019-11-08,"South Park: Bigger, Longer & Uncut",1999,https://boxd.it/1YAO,3.5
2019-11-09,The Aristocats,1970,https://boxd.it/1X3Y,3.5
2019-11-11,The King of Comedy,1982,https://boxd.it/2aJS,4
2019-11-13,"Bianco, rosso e Verdone",1981,https://boxd.it/17xM,3.5
2019-11-17,Borotalco,1982,https://boxd.it/17yU,3
2019-11-19,The Report,2019,https://boxd.it/j2X2,3.5
2019-11-19,The Bears' Famous Invasion of Sicily,2019,https://boxd.it/jAFw,4
2019-11-19,Young Ahmed,2019,https://boxd.it/iXJa,3.5
2019-11-20,The Lodger: A Story of the London Fog,1927,https://boxd.it/26m6,4
2019-11-21,Shoah,1985,https://boxd.it/XSK,5
2019-11-22,"I Love You, Daddy",2017,https://boxd.it/gSQm,2
2019-11-22,Doctor Sleep,2019,https://boxd.it/i5vI,3.5
2019-11-23,Jojo Rabbit,2019,https://boxd.it/iEBG,3
2019-11-24,Starfish,2018,https://boxd.it/jNmW,2.5
2019-11-24,I Walked with a Zombie,1943,https://boxd.it/1stm,4
2019-11-24,Synonyms,2019,https://boxd.it/i6De,3.5
2019-11-24,The Lodge,2019,https://boxd.it/h2c2,3.5
2019-11-24,Creature from the Black Lagoon,1954,https://boxd.it/1UXk,3.5
2019-11-25,Vitalina Varela,2019,https://boxd.it/gMWo,4
2019-11-25,Ordet,1955,https://boxd.it/Jiy,5
2019-11-26,Thor: Ragnarok,2017,https://boxd.it/8MHi,4
2019-11-28,Maudit !,2019,https://boxd.it/odAy,3
2019-11-29,Guns Akimbo,2019,https://boxd.it/gkFu,2
2019-11-29,Onibaba,1964,https://boxd.it/252a,4
2019-11-29,Greener Grass,2019,https://boxd.it/jYoY,3
2019-11-29,Queen & Slim,2019,https://boxd.it/jy4y,3.5
2019-11-29,Knives Out,2019,https://boxd.it/jWEA,4
2019-11-30,Space Dogs,2019,https://boxd.it/mMYc,4
2019-11-30,Frances Ferguson,2019,https://boxd.it/lb9E,3
2019-12-01,Beanpole,2019,https://boxd.it/iK9S,4
2019-12-01,Liberte,2019,https://boxd.it/lXB2,4
2019-12-05,Dolemite Is My Name,2019,https://boxd.it/je6E,3
2019-12-08,Ad Astra,2019,https://boxd.it/ePzI,4
2019-12-08,The Souvenir,2019,https://boxd.it/gXU4,3.5
2019-12-08,Rocketman,2019,https://boxd.it/iehK,3.5
2019-12-09,La Grande Bouffe,1973,https://boxd.it/1X5q,5
2019-12-11,The Wild Goose Lake,2019,https://boxd.it/l8bs,3.5
2019-12-12,Avengers: Infinity War,2018,https://boxd.it/9vEe,3.5
2019-12-12,Avengers: Endgame,2019,https://boxd.it/9vE4,3.5
2019-12-15,Serpico,1973,https://boxd.it/1ZjE,4
2019-12-15,Until the Light Takes Us,2008,https://boxd.it/1bho,3
2019-12-16,Portrait of a Lady on Fire,2019,https://boxd.it/jkPq,4
2019-12-16,Glass,2019,https://boxd.it/g3uO,3.5
2019-12-16,Ready or Not,2019,https://boxd.it/kOf0,3
2019-12-18,Bliss,2019,https://boxd.it/lAok,1.5
2019-12-18,Monos,2019,https://boxd.it/eJGe,3.5
2019-12-19,Tommaso,2019,https://boxd.it/l8bi,4
2019-12-21,The Lighthouse,2019,https://boxd.it/icFU,5
2019-12-21,Il sindaco del Rione Sanità,2019,https://boxd.it/msD4,3.5
2019-12-22,Bonnie and Clyde,1967,https://boxd.it/2ajg,4.5
2019-12-23,To Be or Not to Be,1942,https://boxd.it/2aTy,4.5
2019-12-24,Pinocchio,2019,https://boxd.it/ezZ6,3
2019-12-25,Indiana Jones and the Last Crusade,1989,https://boxd.it/2baO,4.5
2019-12-27,Klaus,2019,https://boxd.it/ipoi,3
2019-12-28,Belle de Jour,1967,https://boxd.it/29Uq,4
2019-12-29,The Tale of the Princess Kaguya,2013,https://boxd.it/4JQI,5
2020-01-02,Wings of Desire,1987,https://boxd.it/2b26,4.5
2020-01-04,The Leopard,1963,https://boxd.it/296K,4.5
2020-01-04,The Woman,2011,https://boxd.it/3dG,3.5
2020-01-15,The Ghost and Mrs. Muir,1947,https://boxd.it/1ANk,4
2020-01-21,A Rainy Day in New York,2019,https://boxd.it/h2z6,3
2020-01-23,The Ballad of Buster Scruggs,2018,https://boxd.it/jB2q,3.5
2020-02-02,"Mektoub, My Love: Canto Uno",2017,https://boxd.it/bdhK,4
2020-02-03,The Pillow Book,1996,https://boxd.it/1tW0,3.5
2020-02-04,Lupin the Third: The Castle of Cagliostro,1979,https://boxd.it/1Mn4,3.5
2020-02-05,Honey Boy,2019,https://boxd.it/ixvm,3
2020-02-06,Spirited Away,2001,https://boxd.it/2b4m,3.5
2020-02-06,Nausicaä of the Valley of the Wind,1984,https://boxd.it/2bc6,4
2020-02-07,My Neighbor Totoro,1988,https://boxd.it/20eA,4.5
2020-02-08,1917,2019,https://boxd.it/jj4y,3.5
2020-02-09,The Adventures of Baron Munchausen,1988,https://boxd.it/1NXs,4.5
2020-02-12,The Meyerowitz Stories (New and Selected),2017,https://boxd.it/dSp0,3.5
2020-02-12,A Serious Man,2009,https://boxd.it/1RFW,4.5
2020-02-13,Richard Jewell,2019,https://boxd.it/99Mg,2.5
2020-02-16,Fargo,1996,https://boxd.it/2aHM,4
2020-02-18,The Enigma of Kaspar Hauser,1974,https://boxd.it/1Tba,4.5
2020-02-19,I Hate Summer,2020,https://boxd.it/mpWM,2.5
2020-02-20,V.H.S.,,https://boxd.it/p8oE,3
2020-02-21,Vice,2018,https://boxd.it/fcFY,3.5
2020-02-21,Madadayo,1993,https://boxd.it/1Pcy,4
2020-02-22,THX 1138,1971,https://boxd.it/29Ww,4
2020-02-23,The Man Who Shot Liberty Valance,1962,https://boxd.it/1Tdg,4.5
2020-02-23,Goltzius & the Pelican Company,2012,https://boxd.it/4tXy,3.5
2020-02-24,CURRENT,,https://boxd.it/pdq6,3.5
2020-02-25,Dead or Alive,1999,https://boxd.it/1U9u,4
2020-02-26,A Perfect World,1993,https://boxd.it/1Yng,4.5
2020-02-26,Heaven's Gate,1980,https://boxd.it/1V2k,5
2020-03-02,All About My Mother,1999,https://boxd.it/2b9c,4
2020-03-03,The Discreet Charm of the Bourgeoisie,1972,https://boxd.it/2440,4.5
2020-03-04,Kiki's Delivery Service,1989,https://boxd.it/1JAY,3.5
2020-03-04,Howl's Moving Castle,2004,https://boxd.it/23De,4
2020-03-05,Princess Mononoke,1997,https://boxd.it/2b4w,4
2020-03-09,The Mystery of Picasso,1956,https://boxd.it/2pZQ,4
2020-03-09,Blood Quantum,2019,https://boxd.it/lO7s,3
2020-03-09,Cool Cat Saves the Kids,2015,https://boxd.it/aCaW,5
2020-03-11,Fateful Findings,2013,https://boxd.it/5X3C,4
2020-03-12,The Fanatic,2019,https://boxd.it/irGI,1.5
2020-03-13,Memories of Murder,2003,https://boxd.it/1TSo,4.5
2020-03-15,Giorni,2020,https://boxd.it/pu0Y,5
2020-03-16,The Wind Rises,2013,https://boxd.it/4JQS,4.5
2020-03-16,How Green Was My Valley,1941,https://boxd.it/UV2,4.5
2020-03-17,The Man Who Would Be King,1975,https://boxd.it/299O,3.5
2020-03-17,Ponyo,2008,https://boxd.it/1S0A,3.5
2020-03-20,La Flor,2018,https://boxd.it/eZCs,5
2020-03-21,The Hunt,2020,https://boxd.it/iE9i,2
2020-03-22,Tokyo Tribe,2014,https://boxd.it/74PU,3.5
2020-03-23,The Platform,2019,https://boxd.it/mUm6,3
2020-03-23,"Like Father, Like Son",2013,https://boxd.it/5rQs,3
2020-03-24,The Invisible Man,2020,https://boxd.it/kWlA,3
2020-03-25,Onward,2020,https://boxd.it/io92,4
2020-03-26,Hope and Glory,1987,https://boxd.it/1hPQ,4
2020-03-27,Death by Hanging,1968,https://boxd.it/3nPm,4
2020-03-28,The Fisher King,1991,https://boxd.it/2aWM,4
2020-03-29,The Room,1992,https://boxd.it/37Z6,3
2020-03-30,The World,2004,https://boxd.it/ZJg,4.5
2020-03-31,Poison,1991,https://boxd.it/Khm,3.5
2020-04-01,Leo the Lion,2005,https://boxd.it/3GPU,4.5
2020-04-04,Satantango,1994,https://boxd.it/1j9M,5
2020-04-04,Twisted Pair,2018,https://boxd.it/hRwW,4.5
2020-04-05,Singin' in the Rain,1952,https://boxd.it/29oY,5
2020-04-05,Sonic the Hedgehog,2020,https://boxd.it/gdK8,3
2020-04-06,Southland Tales,2006,https://boxd.it/23Uu,4
2020-04-07,The Maltese Falcon,1941,https://boxd.it/29c4,4
2020-04-10,Li'l Quinquin,2014,https://boxd.it/agCa,4
2020-04-11,Reconstruction,1970,https://boxd.it/32nc,4
2020-04-12,Adam's Rib,1949,https://boxd.it/1vQy,4
2020-04-12,Q,1982,https://boxd.it/1r7a,3.5
2020-04-12,A Letter to Three Wives,1949,https://boxd.it/Pc2,4
2020-04-12,All About Eve,1950,https://boxd.it/29LI,4.5
2020-04-12,Gentlemen Prefer Blondes,1953,https://boxd.it/29Hc,4
2020-04-13,Sleuth,1972,https://boxd.it/298c,4
2020-04-13,The Island,2006,https://boxd.it/1AHc,3
2020-04-15,Godzilla,1954,https://boxd.it/28kc,4.5
2020-04-15,Ballad of a Soldier,1959,https://boxd.it/MPq,3.5
2020-04-16,Godzilla Raids Again,1955,https://boxd.it/28k2,2.5
2020-04-17,King Kong vs. Godzilla,1962,https://boxd.it/28jS,3
2020-04-17,The Silence of the Sea,1949,https://boxd.it/11g6,3.5
2020-04-18,Mothra vs. Godzilla,1964,https://boxd.it/28jy,3.5
2020-04-18,House,1977,https://boxd.it/1vsm,4
2020-04-19,The Asphalt Jungle,1950,https://boxd.it/1Jrs,4.5
2020-04-19,Medium Cool,1969,https://boxd.it/WsQ,4
2020-04-20,Catchfire,1990,https://boxd.it/1goa,3.5
2020-04-21,Bad Trip,2021,https://boxd.it/lgRG,3.5
2020-04-21,Walkabout,1971,https://boxd.it/1bsG,4
2020-04-22,"Suddenly, Last Summer",1959,https://boxd.it/1NyC,4.5
2020-04-22,"Live Like a Cop, Die Like a Man",1976,https://boxd.it/2GS8,3
2020-04-23,Fat City,1972,https://boxd.it/1JnU,4.5
2020-04-24,Possessor,2020,https://boxd.it/fsJW,3
2020-04-24,Serial Rapist,1978,https://boxd.it/3A8U,3.5
2020-04-24,Visit,2020,https://boxd.it/q0sA,2.5
2020-04-25,Dodes'ka-den,1970,https://boxd.it/1fVs,4
2020-04-26,A Star Is Born,1954,https://boxd.it/25I6,5
2020-04-26,Invasion of Astro-Monster,1965,https://boxd.it/1EXe,3.5
2020-04-27,"Ebirah, Horror of the Deep",1966,https://boxd.it/25Hs,3
2020-04-27,Days of Eclipse,1988,https://boxd.it/OtG,3.5
2020-04-27,Noi credevamo,2010,https://boxd.it/o5e,3.5
2020-04-28,Son of Godzilla,1967,https://boxd.it/1GAQ,3.5
2020-04-28,Aliens,2017,https://boxd.it/gJVC,3.5
2020-04-28,Megacities,1998,https://boxd.it/2bak,4
2020-04-29,Destroy All Monsters,1968,https://boxd.it/25IK,3
2020-04-29,5 Fingers,1952,https://boxd.it/iTM,4
2020-05-01,King: A Filmed Record... Montgomery to Memphis,1970,https://boxd.it/4IUk,4
2020-05-01,Beauty and the Beast,1946,https://boxd.it/29UA,4
2020-05-02,Charade,1963,https://boxd.it/23O2,3.5
2020-05-03,Milk,2008,https://boxd.it/1WZC,3.5
2020-05-04,Prizzi's Honor,1985,https://boxd.it/27v4,3.5
2020-05-04,Shadows,1959,https://boxd.it/1M9c,4
2020-05-05,Paranoid Park,2007,https://boxd.it/27GQ,5
2020-05-06,Too Late Blues,1961,https://boxd.it/2BQ2,4
2020-05-07,The Mist,2007,https://boxd.it/22r2,4
2020-05-07,A Child Is Waiting,1963,https://boxd.it/38WC,3.5
2020-05-08,Faces,1968,https://boxd.it/29Ia,4
2020-05-09,The Barefoot Contessa,1954,https://boxd.it/1dsy,4
2020-05-09,Godzilla vs. Hedorah,1971,https://boxd.it/13C4,4
2020-05-10,The Blood of a Poet,1932,https://boxd.it/19Bw,4
2020-05-10,Orpheus,1950,https://boxd.it/247o,4
2020-05-10,Fires Were Started,1943,https://boxd.it/2YVO,3.5
2020-05-11,The Night of the Hunter,1955,https://boxd.it/25HW,5
2020-05-11,Le Pont du Nord,1981,https://boxd.it/hXI,4
2020-05-12,Testament of Orpheus,1960,https://boxd.it/19Bm,4.5
2020-05-12,"Help Me, Eros",2007,https://boxd.it/uyG,4.5
2020-05-13,Paradise Hills,2019,https://boxd.it/hwMO,2.5
2020-05-14,"Muriel, or the Time of Return",1963,https://boxd.it/tZ2,4
2020-05-15,Husbands,1970,https://boxd.it/zOY,4
2020-05-16,Earth,1930,https://boxd.it/MP6,4.5
2020-05-16,Scarface,1932,https://boxd.it/29oa,4.5
2020-05-16,Wise Blood,1979,https://boxd.it/Xxs,4
2020-05-17,The African Queen,1951,https://boxd.it/2ai8,4
2020-05-18,Capone,2020,https://boxd.it/fdAU,3.5
2020-05-18,Attention! Bandits!,1951,https://boxd.it/2AuE,3.5
2020-05-19,The Philadelphia Story,1940,https://boxd.it/29a8,4
2020-05-20,Minnie and Moskowitz,1971,https://boxd.it/1xPi,4
2020-05-21,Fire,2015,https://boxd.it/kJv8,3.5
2020-05-21,Hole in the Sky,2001,https://boxd.it/2Rvk,4
2020-05-22,Trouble Every Day,2001,https://boxd.it/115M,3.5
2020-05-23,The Night of the Iguana,1964,https://boxd.it/1Nys,4
2020-05-24,if....,1968,https://boxd.it/1Nna,4
2020-05-24,The Howling,1981,https://boxd.it/1Uce,3.5
2020-05-24,Balnearios,2002,https://boxd.it/7xM6,4
2020-05-26,The Quiet Man,1952,https://boxd.it/25Iq,4
2020-05-26,The Misfits,1961,https://boxd.it/1TCg,4.5
2020-05-27,The Forty-First,1956,https://boxd.it/MrS,4
2020-05-28,The Ceremony,1971,https://boxd.it/3hWQ,5
2020-05-29,Amour,2012,https://boxd.it/34Q6,4.5
2020-05-29,Selfie,2019,https://boxd.it/l5fG,3.5
2020-05-30,Bad Timing,1980,https://boxd.it/1fUE,3.5
2020-05-30,Lullaby of the Earth,1976,https://boxd.it/4dUI,3.5
2020-05-31,Quo Vadis?,1913,https://boxd.it/3Or2,3
2020-05-31,Antoine and Colette,1962,https://boxd.it/2aKQ,3.5
2020-05-31,A Woman Under the Influence,1974,https://boxd.it/1myg,5
2020-06-01,The Dead,1987,https://boxd.it/13vC,4
2020-06-02,The Killing of a Chinese Bookie,1976,https://boxd.it/1hS6,4
2020-06-03,The Shining,1980,https://boxd.it/29Nu,5
2020-06-06,Living the Light: Robby Muller,2018,https://boxd.it/jE74,3.5
2020-06-06,Gods and Monsters,1998,https://boxd.it/25Ty,3.5
2020-06-08,Cosmos,2015,https://boxd.it/abCE,4
2020-06-10,Chiav,2016,https://boxd.it/qJwC,5
2020-06-26,Da 5 Bloods,2020,https://boxd.it/lnXw,3.5
2020-06-26,Annihilation,2018,https://boxd.it/9yzm,3.5
2020-06-26,Rumble Fish,1983,https://boxd.it/2aOI,4
2020-06-26,Making The Shining,1980,https://boxd.it/1G9A,3.5
2020-06-26,Happiness,1998,https://boxd.it/1VEe,4.5
2020-06-27,I Am a Fugitive from a Chain Gang,1932,https://boxd.it/1mNg,4
2020-06-27,Odd Man Out,1947,https://boxd.it/Uq4,4.5
2020-06-28,Jour de fête,1949,https://boxd.it/243Q,4
2020-06-28,The King of Staten Island,2020,https://boxd.it/litG,3.5
2020-06-29,Om Dar-B-Dar,1988,https://boxd.it/784I,4
2020-06-29,Eurovision Song Contest: The Story of Fire Saga,2020,https://boxd.it/jkMG,3
2020-06-29,The Old Man & the Gun,2018,https://boxd.it/fd1q,3
2020-06-29,Popstar: Never Stop Never Stopping,2016,https://boxd.it/blDa,4
2020-06-30,Cléo from 5 to 7,1962,https://boxd.it/2agm,4.5
2020-07-01,Women Reply,1975,https://boxd.it/5Eie,4
2020-07-03,Dark Passage,1947,https://boxd.it/1Ky0,4
2020-07-07,That Most Important Thing: Love,1975,https://boxd.it/25mk,3.5
2020-07-08,The Intruder,2017,https://boxd.it/gaAa,3
2020-07-09,Opening Night,1977,https://boxd.it/1f4e,4
2020-07-09,The New Pope,2020,https://boxd.it/oWDC,3.5
2020-07-09,Hamilton,2020,https://boxd.it/kmvE,3.5
2020-07-10,They Were Expendable,1945,https://boxd.it/1GlQ,4
2020-07-11,Mute,2018,https://boxd.it/e6nW,3
2020-07-12,Only Angels Have Wings,1939,https://boxd.it/Ttw,4
2020-07-12,Titicut Follies,1967,https://boxd.it/ZVc,4
2020-07-13,This Sporting Life,1963,https://boxd.it/1Glw,4.5
2020-07-13,Possession,1981,https://boxd.it/1BPm,4.5
2020-07-14,First Cow,2019,https://boxd.it/krga,4
2020-07-15,PlayTime,1967,https://boxd.it/1WLK,5
2020-07-15,Relic,2020,https://boxd.it/jEwS,2.5
2020-07-17,Gloria,1980,https://boxd.it/gYg,3.5
2020-07-18,High School,1968,https://boxd.it/gkK,4
2020-07-18,Wagon Master,1950,https://boxd.it/18wU,4
2020-07-18,Gimme Danger,2016,https://boxd.it/dJqS,3.5
2020-07-18,O Lucky Man!,1973,https://boxd.it/WQe,4.5
2020-07-20,Pandora and the Flying Dutchman,1951,https://boxd.it/15qY,4
2020-07-20,The Public Woman,1984,https://boxd.it/2tAU,4
2020-07-20,The Queen Is Dead,1986,https://boxd.it/40OC,3
2020-07-21,Caravaggio,1986,https://boxd.it/1DjC,4
2020-07-21,A Streetcar Named Desire,1951,https://boxd.it/29Mc,4.5
2020-07-21,Dragonwyck,1946,https://boxd.it/1ub0,4
2020-07-21,The Last Movie,1971,https://boxd.it/FFe,4
2020-07-22,Out of the Blue,1980,https://boxd.it/1456,4
2020-07-23,Investigation of a Citizen Above Suspicion,1970,https://boxd.it/1tRY,5
2020-07-23,Devil in the Flesh,1947,https://boxd.it/67G,4
2020-07-24,Welfare,1975,https://boxd.it/3bqY,5
2020-07-24,Trash Humpers,2009,https://boxd.it/Mki,3.5
2020-07-24,Julien Donkey-Boy,1999,https://boxd.it/VNI,4
2020-07-25,Hammamet,2020,https://boxd.it/lKqA,3
2020-07-25,My Darling Clementine,1946,https://boxd.it/25LE,4.5
2020-07-25,Mon Oncle,1958,https://boxd.it/2apy,4.5
2020-07-25,Monsieur Hulot's Holiday,1953,https://boxd.it/29E8,4
2020-07-27,Trafic,1971,https://boxd.it/1TZu,4
2020-07-27,Love Streams,1984,https://boxd.it/zOk,4
2020-08-03,The Illusionist,2010,https://boxd.it/ZWY,4
2020-08-03,Port of Shadows,1938,https://boxd.it/Nr0,4.5
2020-08-04,Hospital,1970,https://boxd.it/3OKS,4
2020-08-04,The Devil,1972,https://boxd.it/3iRC,4
2020-08-05,Boudu Saved from Drowning,1932,https://boxd.it/IDg,4
2020-08-05,Palm Springs,2020,https://boxd.it/lCXQ,3.5
2020-08-06,Grizzly Man,2005,https://boxd.it/2ag2,4
2020-08-06,Citizens of the World,2019,https://boxd.it/mGfq,3.5
2020-08-06,Conviction,2018,https://boxd.it/hyvA,3.5
2020-08-07,"Monrovia, Indiana",2018,https://boxd.it/jAVu,4
2020-08-07,Somewhere in the Night,1946,https://boxd.it/1Eey,3.5
2020-08-08,Britannia Hospital,1982,https://boxd.it/1ttM,4
2020-08-09,A Day in the Country,1946,https://boxd.it/Tm6,5
2020-08-09,Four Bags Full,1956,https://boxd.it/1Fx2,3.5
2020-08-12,Blue,1993,https://boxd.it/3iyA,4
2020-08-12,High Life,2018,https://boxd.it/d6bk,3.5
2020-08-12,The Rules of the Game,1939,https://boxd.it/29Es,5
2020-08-13,A Tree Grows in Brooklyn,1945,https://boxd.it/1lOi,4
2020-08-13,Big Trouble,1986,https://boxd.it/2HOc,2.5
2020-08-15,A Constant Forge,2000,https://boxd.it/1Rk,3
2020-08-15,Miraculous Spiral,2016,https://boxd.it/enHk,4
2020-08-17,Cure,1997,https://boxd.it/1blA,4.5
2020-08-17,Children of Heaven,1997,https://boxd.it/1C5k,3.5
2020-08-18,Rubber,2010,https://boxd.it/P2m,3
2020-08-19,Children of Paradise,1945,https://boxd.it/26H4,5
2020-08-19,Pulse,2001,https://boxd.it/1s3y,4
2020-08-20,Splendor in the Grass,1961,https://boxd.it/1pig,5
2020-08-21,Dark Matter,2013,https://boxd.it/8hIu,4
2020-08-21,Jupiter's Moon,2017,https://boxd.it/fOpk,3.5
2020-08-22,White God,2014,https://boxd.it/81lO,3
2020-08-23,2001: A Space Odyssey,1968,https://boxd.it/2bf0,5
2020-08-24,Butch Cassidy and the Sundance Kid,1969,https://boxd.it/29Vy,4.5
2020-08-24,A Simple Life,2011,https://boxd.it/3cl6,3.5
2020-08-25,The Whales of August,1987,https://boxd.it/F7Q,3.5
2020-08-26,Gretel & Hansel,2020,https://boxd.it/jLOk,3.5
2020-08-26,Tokyo Sonata,2008,https://boxd.it/1ZxQ,3.5
2020-08-27,Toni,1935,https://boxd.it/Aby,4
2020-08-29,Blue Jasmine,2013,https://boxd.it/50MI,4
2020-08-29,The Lego Movie,2014,https://boxd.it/4pDO,4
2020-08-29,The Late George Apley,1947,https://boxd.it/5x32,3
2020-08-30,Hidden Away,2020,https://boxd.it/msDe,3.5
2020-08-31,On the Waterfront,1954,https://boxd.it/29TC,4.5
2020-09-01,A Clockwork Orange,1971,https://boxd.it/2aVE,5
2020-09-02,Siberia,2020,https://boxd.it/fTZi,3.5
2020-09-03,Honey Cigar,2020,https://boxd.it/oCJq,3.5
2020-09-03,Night in Paradise,2020,https://boxd.it/moeE,3.5
2020-09-03,The Human Voice,2020,https://boxd.it/p148,3.5
2020-09-03,"Quo vadis, Aida?",2020,https://boxd.it/riws,3.5
2020-09-03,Lovers,2020,https://boxd.it/lUv6,2.5
2020-09-04,The Book of Vision,2020,https://boxd.it/hZo2,2.5
2020-09-04,Apples,2020,https://boxd.it/ofco,3
2020-09-04,Our Father,2020,https://boxd.it/oW14,2
2020-09-05,Milestone,2020,https://boxd.it/riyo,3
2020-09-05,Pieces of a Woman,2020,https://boxd.it/nOrQ,4
2020-09-06,Sportin' Life,2020,https://boxd.it/rivu,4
2020-09-06,Mainstream,2020,https://boxd.it/kpDc,3
2020-09-06,Sun Children,2020,https://boxd.it/oYB4,3.5
2020-09-06,Mandibles,2020,https://boxd.it/nHDK,3.5
2020-09-07,"Fiori, Fiori, Fiori!",2020,https://boxd.it/rrW0,3
2020-09-07,The World to Come,2020,https://boxd.it/iiuI,3
2020-09-07,Assandira,2020,https://boxd.it/rfTe,3
2020-09-07,Dear Comrades!,2020,https://boxd.it/lCs4,3
2020-09-08,Omelia Contadina,2020,https://boxd.it/riy4,3.5
2020-09-08,War and Peace,2020,https://boxd.it/riyS,4
2020-09-08,Hopper/Welles,2020,https://boxd.it/rixK,4
2020-09-08,Laila in Haifa,2020,https://boxd.it/rivY,2
2020-09-08,One Night in Miami...,2020,https://boxd.it/oCUo,3.5
2020-09-08,Notturno,2020,https://boxd.it/jEUU,1.5
2020-09-09,Wife of a Spy,2020,https://boxd.it/pHCc,3.5
2020-09-09,The Macaluso Sisters,2020,https://boxd.it/mpky,1.5
2020-09-10,City Hall,2020,https://boxd.it/rdGM,4.5
2020-09-11,New Order,2020,https://boxd.it/l8cg,3.5
2020-09-11,And Tomorrow the Entire World,2020,https://boxd.it/riw8,2.5
2020-09-11,Nomadland,2020,https://boxd.it/lnRy,2.5
2020-09-12,Saint-Narcisse,2020,https://boxd.it/mt8m,3.5
2020-09-12,In Between Dying,2020,https://boxd.it/rivO,4
2020-09-12,Miss Marx,2020,https://boxd.it/qJn6,3.5
2020-09-12,Salvatore: Shoemaker of Dreams,2020,https://boxd.it/l3Vg,3
2020-09-12,Samp,2020,https://boxd.it/rfEI,4
2020-09-13,The Predators,2020,https://boxd.it/n7H2,3
2020-09-15,"Synecdoche, New York",2008,https://boxd.it/23zw,4.5
2020-09-15,I'm Thinking of Ending Things,2020,https://boxd.it/i4IQ,3.5
2020-09-16,La Chienne,1931,https://boxd.it/1tx0,4.5
2020-09-16,The Wasteland,2020,https://boxd.it/rizw,3
2020-09-17,Panic in the Streets,1950,https://boxd.it/1hMi,4
2020-09-18,Rosemary's Baby,1968,https://boxd.it/29zM,4.5
2020-09-18,Chinatown,1974,https://boxd.it/29vU,5
2020-09-18,Bad Lieutenant,1992,https://boxd.it/1Src,4
2020-09-18,The Devil All the Time,2020,https://boxd.it/i2tY,2.5
2020-09-19,The Third Part of the Night,1971,https://boxd.it/Miw,4
2020-09-19,Juvenile Court,1973,https://boxd.it/3OKo,4
2020-09-20,Just Don't Think I'll Scream,2019,https://boxd.it/lcNg,3.5
2020-09-20,Branded to Kill,1967,https://boxd.it/1HSQ,4.5
2020-09-20,Neruda,2016,https://boxd.it/bOAO,4.5
2020-09-20,The World's End,2013,https://boxd.it/3EiO,4
2020-09-20,A Field in England,2013,https://boxd.it/5tmk,4
2020-09-20,The Party,1968,https://boxd.it/1VnC,4
2020-09-20,Ex Libris: The New York Public Library,2017,https://boxd.it/fSVY,4
2020-09-20,The Last Circus,2010,https://boxd.it/obw,4
2020-09-20,Dead or Alive 2: Birds,2000,https://boxd.it/1Pbq,4
2020-09-20,The Shape of Water,2017,https://boxd.it/dZ5m,3.5
2020-09-20,Isle of Dogs,2018,https://boxd.it/dZrW,3.5
2020-09-20,Blue Ruin,2013,https://boxd.it/5H8G,3.5
2020-09-20,The Devil's Backbone,2001,https://boxd.it/28Li,3.5
2020-09-20,Ema,2019,https://boxd.it/jHWa,3.5
2020-09-20,Stan & Ollie,2018,https://boxd.it/dOda,3.5
2020-09-20,Taxi,2015,https://boxd.it/amS4,3.5
2020-09-20,The Insult,2017,https://boxd.it/gLYy,3.5
2020-09-20,Eisenstein in Guanajuato,2015,https://boxd.it/41IA,3.5
2020-09-20,Balloon,2019,https://boxd.it/mRPE,3.5
2020-09-20,Honeymooners,1995,https://boxd.it/ocO,3.5
2020-09-20,Compagni di scuola,1988,https://boxd.it/o9K,3.5
2020-09-20,The Crime of Monsieur Lange,1936,https://boxd.it/yo6,4
2020-09-20,It Must Be Heaven,2019,https://boxd.it/jEVe,3.5
2020-09-20,Bacurau,2019,https://boxd.it/fSUG,4.5
2020-09-21,Yellow Cat,2020,https://boxd.it/rizm,3.5
2020-09-21,Divinely Evil,2020,https://boxd.it/oLEO,3.5
2020-09-21,Akira,1988,https://boxd.it/2b1i,4
2020-09-21,Eraserhead,1977,https://boxd.it/299u,4
2020-09-21,Life of Brian,1979,https://boxd.it/2a4q,4
2020-09-21,The Wailing,2016,https://boxd.it/9fLy,4
2020-09-21,M*A*S*H,1970,https://boxd.it/29U6,4
2020-09-21,Dunkirk,2017,https://boxd.it/d0Y6,4
2020-09-21,"I, Tonya",2017,https://boxd.it/dzR0,3.5
2020-09-21,The Sisters Brothers,2018,https://boxd.it/fDFm,3.5
2020-09-22,The Childhood of a Leader,2015,https://boxd.it/aRce,4
2020-09-22,The Driller Killer,1979,https://boxd.it/1PV4,3.5
2020-09-22,The Way Back,2020,https://boxd.it/jfoO,3.5
2020-09-23,Scarface,1983,https://boxd.it/2b7g,4
2020-09-23,Mission: Impossible,1996,https://boxd.it/29d2,3.5
2020-09-23,The Untouchables,1987,https://boxd.it/2b6i,4
2020-09-23,Carlito's Way,1993,https://boxd.it/226e,4.5
2020-09-23,America America,1963,https://boxd.it/LbE,4.5
2020-09-24,Phoenix,2014,https://boxd.it/7u46,4
2020-09-25,Deaf,1986,https://boxd.it/3ORu,4
2020-09-26,Grand Illusion,1937,https://boxd.it/29Ei,5
2020-09-26,The Informer,1935,https://boxd.it/Tjc,4
2020-09-26,The Lower Depths,1936,https://boxd.it/OFs,4
2020-09-27,Lawrence of Arabia,1962,https://boxd.it/2wRE,4.5
2020-09-28,Tenet,2020,https://boxd.it/leq4,2.5
2020-09-30,Extraordinary Stories,2008,https://boxd.it/3JF4,4.5
2020-10-01,Chiara Ferragni: Unposted,2019,https://boxd.it/mRQM,3
2020-10-01,Fear City,1984,https://boxd.it/1Gv2,3.5
2020-10-02,The Addiction,1995,https://boxd.it/1cZQ,4.5
2020-10-02,Ms .45,1981,https://boxd.it/1AWG,4
2020-10-03,On My Skin,2018,https://boxd.it/jCrQ,3
2020-10-03,"Ivan the Terrible, Part II: The Boyars' Plot",1958,https://boxd.it/Vfc,4.5
2020-10-03,Thirst,2009,https://boxd.it/1Aqq,4
2020-10-03,East of Eden,1955,https://boxd.it/2aQE,4.5
2020-10-03,Escape,1948,https://boxd.it/YZ8,3.5
2020-10-04,Only Yesterday,1991,https://boxd.it/1MR4,4.5
2020-10-05,Wittgenstein,1993,https://boxd.it/jeK,3.5
2020-10-05,Palombella rossa,1989,https://boxd.it/oTo,4
2020-10-06,The Pianist,2002,https://boxd.it/2aqc,4
2020-10-06,Oliver Twist,2005,https://boxd.it/2aKG,3.5
2020-10-06,The Gates of Paris,1957,https://boxd.it/2fwa,3.5
2020-10-07,China Girl,1987,https://boxd.it/Lhi,3.5
2020-10-08,The Old Dark House,1932,https://boxd.it/1iL6,4
2020-10-08,Hubie Halloween,2020,https://boxd.it/mQwm,3
2020-10-09,Brawl in Cell Block 99,2017,https://boxd.it/dWOo,3.5
2020-10-09,Dragged Across Concrete,2018,https://boxd.it/fAly,3.5
2020-10-09,The River,1951,https://boxd.it/Q3K,4
2020-10-10,Canal Zone,1977,https://boxd.it/3ORO,4
2020-10-11,The Young and the Damned,1950,https://boxd.it/29AA,4
2020-10-11,Un Chien Andalou,1929,https://boxd.it/29Y8,4
2020-10-11,L'Âge d'Or,1930,https://boxd.it/22FI,4
2020-10-11,Good Will Hunting,1997,https://boxd.it/2ahY,3.5
2020-10-11,Gerry,2002,https://boxd.it/27LG,4
2020-10-11,Mother and Son,2019,https://boxd.it/o2DG,3.5
2020-10-12,Aprile,1998,https://boxd.it/1hH8,3.5
2020-10-12,Ecce Bombo,1978,https://boxd.it/IQk,3.5
2020-10-12,I Am Self-Sufficient,1976,https://boxd.it/uAM,3
2020-10-12,The Mass Is Over,1985,https://boxd.it/fjQ,4
2020-10-15,Nocturne,2020,https://boxd.it/nTaK,2
2020-10-16,Neon Genesis Evangelion,1995,https://boxd.it/ptEI,2.5
2020-10-17,Neon Genesis Evangelion: The End of Evangelion,1997,https://boxd.it/1GRM,3
2020-10-18,Pather Panchali,1955,https://boxd.it/22yC,5
2020-10-19,Aparajito,1956,https://boxd.it/29kW,5
2020-10-20,The World of Apu,1959,https://boxd.it/29l6,5
2020-10-21,Le Eumenidi,2020,https://boxd.it/skrQ,3.5
2020-10-21,Shithouse,2020,https://boxd.it/nCFc,2.5
2020-10-22,The Social Network,2010,https://boxd.it/17ue,3.5
2020-10-22,Zodiac,2007,https://boxd.it/27MO,4.5
2020-10-22,Stop Making Sense,1984,https://boxd.it/1ygo,4
2020-10-22,King of New York,1990,https://boxd.it/1Ynq,4
2020-10-23,David Byrne's American Utopia,2020,https://boxd.it/oUAG,3.5
2020-10-24,Fireball: Visitors From Darker Worlds,2020,https://boxd.it/l5iA,4.5
2020-10-25,The Trial of the Chicago 7,2020,https://boxd.it/kn3w,2.5
2020-10-25,BPM (Beats per Minute),2017,https://boxd.it/g796,3.5
2020-10-25,Showgirls,1995,https://boxd.it/1Vmk,3.5
2020-10-26,On the Rocks,2020,https://boxd.it/l8aY,3
2020-10-27,My Neighbors the Yamadas,1999,https://boxd.it/1KC2,4
2020-10-27,Mad Love,1985,https://boxd.it/3oGA,4
2020-10-28,Famo$o,2020,https://boxd.it/smmS,2
2020-10-29,The SuperVips,1968,https://boxd.it/WBo,4
2020-10-30,Body Snatchers,1993,https://boxd.it/23UE,3.5
2020-11-01,Ringu,1998,https://boxd.it/26tw,4
2020-11-01,Antfarm Dickhole,2011,https://boxd.it/39yw,3
2020-11-02,West and Soda,1965,https://boxd.it/xo0,4
2020-11-02,Cobra Verde,1987,https://boxd.it/1TFY,3.5
2020-11-03,On the Silver Globe,1988,https://boxd.it/1sAM,5
2020-11-04,Mad Max: Fury Road,2015,https://boxd.it/2DjO,4.5
2020-11-05,La Marseillaise,1938,https://boxd.it/Trq,4
2020-11-07,Basic Training,1971,https://boxd.it/3OL2,4
2020-11-07,Law and Order,1969,https://boxd.it/3Ow2,4.5
2020-11-07,Essene,1972,https://boxd.it/3OKI,3.5
2020-11-08,DAU. Natasha,2020,https://boxd.it/oS1E,3.5
2020-11-09,We Are Who We Are,2020,https://boxd.it/n6GW,4
2020-11-09,The SpongeBob Movie: Sponge on the Run,2020,https://boxd.it/e1Ac,3
2020-11-09,The SpongeBob SquarePants Movie,2004,https://boxd.it/1SYq,3.5
2020-11-10,Häxan,1922,https://boxd.it/n4O,4
2020-11-10,Anna,1975,https://boxd.it/3o00,4.5
2020-11-11,Allegro Non Troppo,1976,https://boxd.it/1Ao0,4.5
2020-11-11,The External World,2010,https://boxd.it/383s,3.5
2020-11-12,Reality,2012,https://boxd.it/3wMm,4
2020-11-12,Dangerous Game,1993,https://boxd.it/Goo,4
2020-11-12,To Live and Die in L.A.,1985,https://boxd.it/1XFo,4.5
2020-11-16,Once Upon a Time in China,1991,https://boxd.it/1VOy,4
2020-11-16,The Legend of Kaspar Hauser,2012,https://boxd.it/45iQ,3.5
2020-11-17,DAU. Degeneration,2020,https://boxd.it/oRZo,4
2020-11-18,Meeting Gorbachev,2018,https://boxd.it/jK7u,3.5
2020-11-18,My Nights Are More Beautiful Than Your Days,1989,https://boxd.it/2we8,3.5
2020-11-19,Allied,2016,https://boxd.it/cP42,4
2020-11-19,My Name Is Francesco Totti,2020,https://boxd.it/mkV0,3.5
2020-11-20,Boomerang!,1947,https://boxd.it/1G2k,3.5
2020-11-20,Gentleman's Agreement,1947,https://boxd.it/1f3U,3.5
2020-11-20,Quick Billy,1971,https://boxd.it/5gOq,3.5
2020-11-20,Sympathy for Lady Vengeance,2005,https://boxd.it/248G,4.5
2020-11-20,The Tenant,1976,https://boxd.it/1TKk,4.5
2020-11-20,There Will Be Blood,2007,https://boxd.it/20Z2,4.5
2020-11-20,Victor/Victoria,1982,https://boxd.it/1RzE,4.5
2020-11-20,Bronson,2008,https://boxd.it/1GM8,4.5
2020-11-20,Silence,2016,https://boxd.it/2cAo,4.5
2020-11-20,Dracula,1992,https://boxd.it/223a,4
2020-11-20,Endless Poetry,2016,https://boxd.it/aANs,4
2020-11-20,Dreams,1990,https://boxd.it/1ROu,4
2020-11-20,The Strange Color of Your Body's Tears,2013,https://boxd.it/6el4,4
2020-11-21,Star 80,1983,https://boxd.it/1kKu,3.5
2020-11-22,The Wolf of Snow Hollow,2020,https://boxd.it/oeu2,2
2020-11-22,Viy,1967,https://boxd.it/nd2,3.5
2020-11-22,The New Mutants,2020,https://boxd.it/bjle,1.5
2020-11-24,DAU. Nora Mother,2020,https://boxd.it/pUpK,3.5
2020-11-26,Touch of Evil,1958,https://boxd.it/28II,4.5
2020-11-28,A Face in the Crowd,1957,https://boxd.it/2lyc,4
2020-11-29,Moon,2009,https://boxd.it/1IGQ,4
2020-11-29,DAU. Three Days,2020,https://boxd.it/pUqe,4
2020-11-30,Don't Be Bad,2015,https://boxd.it/caKQ,4
2020-11-30,Boris Godounov,1989,https://boxd.it/3pXs,4
2020-12-01,Gozu,2003,https://boxd.it/1RTa,4
2020-12-01,Ichi the Killer,2001,https://boxd.it/1Y1O,4
2020-12-01,Viva Zapata!,1952,https://boxd.it/286O,4
2020-12-01,The Funeral,1996,https://boxd.it/1BC8,4.5
2020-12-01,Let the Right One In,2008,https://boxd.it/1Qr0,4
2020-12-02,Sexy Beast,2000,https://boxd.it/1SZS,3.5
2020-12-03,Tristana,1970,https://boxd.it/1bPg,4
2020-12-03,The Nightmare,2015,https://boxd.it/bCEk,3.5
2020-12-04,Burn!,1969,https://boxd.it/Ws2,4
2020-12-05,Baby Doll,1956,https://boxd.it/11Hc,4
2020-12-05,Mank,2020,https://boxd.it/mIuC,4
2020-12-06,Fight Club,1999,https://boxd.it/2a9q,3.5
2020-12-06,Se7en,1995,https://boxd.it/29zs,3.5
2020-12-07,The Great Escape,1963,https://boxd.it/22kA,4
2020-12-07,Black Bear,2020,https://boxd.it/n8ru,2
2020-12-08,Air Force,1943,https://boxd.it/1Lu4,4
2020-12-08,Inland Empire,2006,https://boxd.it/28d6,4.5
2020-12-08,Parasite,2019,https://boxd.it/hTha,4
2020-12-08,Uncut Gems,2019,https://boxd.it/gXGc,4
2020-12-08,The Beach Bum,2019,https://boxd.it/fH4O,4.5
2020-12-08,Zappa,2020,https://boxd.it/bSSs,2.5
2020-12-08,Meat,1976,https://boxd.it/3OTK,3.5
2020-12-09,F for Fake,1973,https://boxd.it/VxA,4.5
2020-12-10,My Lucky Stars,1985,https://boxd.it/1Xe8,2.5
2020-12-11,Jubilee,1978,https://boxd.it/Zp6,3.5
2020-12-12,Malmkrog,2020,https://boxd.it/l8cA,4
2020-12-14,Once Upon a Time in China II,1992,https://boxd.it/1VOo,4
2020-12-15,Body Double,1984,https://boxd.it/1TGW,4
2020-12-16,Wolfwalkers,2020,https://boxd.it/fGrC,4
2020-12-17,Rose Island,2020,https://boxd.it/nBlq,2.5
2020-12-17,Bad Tales,2020,https://boxd.it/mI9k,2.5
2020-12-17,Snake Eyes,1998,https://boxd.it/1ZX0,3.5
2020-12-18,Another Round,2020,https://boxd.it/lkba,2.5
2020-12-18,Let Them All Talk,2020,https://boxd.it/n6sq,2.5
2020-12-19,The Blue Note,1991,https://boxd.it/3loy,2.5
2020-12-20,DAU. Brave People,2020,https://boxd.it/pUpq,3.5
2020-12-21,Wild River,1960,https://boxd.it/2SSu,4
2020-12-21,The Blackout,1997,https://boxd.it/1vjk,3.5
2020-12-22,The Woman Who Ran,2020,https://boxd.it/oEEi,3.5
2020-12-23,Illusion,2020,https://boxd.it/rT5e,3.5
2020-12-23,House of Strangers,1949,https://boxd.it/1Eee,4
2020-12-24,Mangrove,2020,https://boxd.it/qEAa,4
2020-12-24,The Midnight Sky,2020,https://boxd.it/mK6C,3
2020-12-25,DuckTales: The Movie - Treasure of the Lost Lamp,1990,https://boxd.it/1VgQ,3
2020-12-25,Tokyo Godfathers,2003,https://boxd.it/1Qg2,4
2020-12-26,Soul,2020,https://boxd.it/ioLA,3.5
2020-12-26,Inside Out,2015,https://boxd.it/4KHC,4
2020-12-26,Up,2009,https://boxd.it/1OEc,4.5
2020-12-26,The Metamorphosis of Birds,2020,https://boxd.it/oJsw,3.5
2020-12-27,"Red, White and Blue",2020,https://boxd.it/siQE,3
2020-12-27,Star Wars: The Last Jedi,2017,https://boxd.it/5xme,4
2020-12-27,The Salt of Tears,2020,https://boxd.it/l59o,3.5
2020-12-28,Szamanka,1996,https://boxd.it/2Q14,3.5
2020-12-29,DAU. String Theory,2020,https://boxd.it/pUKS,3.5
2020-12-30,A Hidden Life,2019,https://boxd.it/eb1Q,4
2021-01-01,Amadeus,1984,https://boxd.it/2aH8,5
2021-01-02,The Triplets of Belleville,2003,https://boxd.it/1Y6Y,4
2021-01-02,Foxcatcher,2014,https://boxd.it/35Di,4
2021-01-02,The Southerner,1945,https://boxd.it/Q3A,4
2021-01-03,The Arrangement,1969,https://boxd.it/I38,4
2021-01-03,DAU. Nikita Tanya,2020,https://boxd.it/pUOK,3.5
2021-01-04,Redacted,2007,https://boxd.it/1Tsg,4
2021-01-04,Fidelity,2000,https://boxd.it/EIQ,3.5
2021-01-05,Knife in the Water,1962,https://boxd.it/1THK,4
2021-01-06,The Visitors,1972,https://boxd.it/3uWu,3.5
2021-01-06,Poetical Refugee,2000,https://boxd.it/2oim,3.5
2021-01-09,Japón,2002,https://boxd.it/1b4Y,4
2021-01-11,The Last of England,1987,https://boxd.it/Y4c,3.5
2021-01-11,Battle in Heaven,2005,https://boxd.it/1IVw,3
2021-01-11,The Last Tycoon,1976,https://boxd.it/17xW,4
2021-01-13,The Gold Rush,1925,https://boxd.it/29ce,5
2021-01-13,The General,1926,https://boxd.it/29co,5
2021-01-13,Trouble in Paradise,1932,https://boxd.it/2aU2,4
2021-01-13,Minari,2020,https://boxd.it/mL9M,3
2021-01-13,Yojimbo,1961,https://boxd.it/1SRY,4.5
2021-01-14,The Muppets,2011,https://boxd.it/1zg,4
2021-01-15,Silent Light,2007,https://boxd.it/27Ds,4
2021-01-15,Dog Day Afternoon,1975,https://boxd.it/29bg,4.5
2021-01-15,12 Angry Men,1957,https://boxd.it/2auI,5
2021-01-15,Find Me Guilty,2006,https://boxd.it/1Xsa,4
2021-01-15,Before the Devil Knows You're Dead,2007,https://boxd.it/20Jy,4
2021-01-15,New Rose Hotel,1998,https://boxd.it/1BVY,4
2021-01-16,Badlands,1973,https://boxd.it/25Fm,4.5
2021-01-16,Scream of Stone,1991,https://boxd.it/38qG,3
2021-01-17,Pusher,1996,https://boxd.it/27wG,3.5
2021-01-18,Bleeder,1999,https://boxd.it/1HKs,3.5
2021-01-19,A Crackup at the Race Riots,2016,https://boxd.it/d9V6,3.5
2021-01-20,Our Lady of the Turks,1968,https://boxd.it/iZA,5
2021-01-21,DAU. New Man,2020,https://boxd.it/pUzq,3.5
2021-01-22,A Letter to Elia,2010,https://boxd.it/32e,3.5
2021-01-23,Post Tenebras Lux,2012,https://boxd.it/3wTs,4
2021-01-23,Anatomy of a Murder,1959,https://boxd.it/2baa,5
2021-01-25,Pretend It's a City,2021,https://boxd.it/tlWs,3.5
2021-01-26,DAU. Katya Tanya,2020,https://boxd.it/pUzA,4
2021-01-26,Pusher II: With Blood on My Hands,2004,https://boxd.it/1U7y,3.5
2021-01-27,Repulsion,1965,https://boxd.it/1TKu,4
2021-01-28,Days of Heaven,1978,https://boxd.it/1JRg,4
2021-01-28,Promising Young Woman,2020,https://boxd.it/loRE,3
2021-01-29,Flight to Fury,1964,https://boxd.it/6vqK,3.5
2021-01-30,Only God Forgives,2013,https://boxd.it/2HBs,4
2021-01-30,Fear X,2003,https://boxd.it/17Jo,4
2021-01-30,To Die For,1995,https://boxd.it/2a5o,4
2021-01-31,Model,1981,https://boxd.it/3OTA,3.5
2021-01-31,Salomé,1972,https://boxd.it/5f2g,4.5
2021-02-02,Pusher III,2005,https://boxd.it/1U7e,4
2021-02-03,The Diary of a Chambermaid,1946,https://boxd.it/Q4I,3.5
2021-02-03,Sound of Metal,2019,https://boxd.it/i7Q4,3
2021-02-04,The Masque of the Red Death,1964,https://boxd.it/1w12,4
2021-02-04,Laura,1944,https://boxd.it/27Oq,5
2021-02-06,Malcolm & Marie,2021,https://boxd.it/r5cO,2.5
2021-02-07,Rifkin's Festival,2020,https://boxd.it/mp8s,3.5
2021-02-08,Two-Lane Blacktop,1971,https://boxd.it/1sfE,4.5
2021-02-09,Jackie,2016,https://boxd.it/d6bu,4.5
2021-02-09,Something Organic,1998,https://boxd.it/9Wpg,3
2021-02-12,The Shooting,1966,https://boxd.it/Wf8,5
2021-02-13,News of the World,2020,https://boxd.it/lm7a,3
2021-02-15,Death and the Maiden,1994,https://boxd.it/1W26,4
2021-02-17,The Pornographer,2001,https://boxd.it/1LeK,3.5
2021-02-18,No Way Out,1950,https://boxd.it/1pBC,4
2021-02-19,"China 9, Liberty 37",1978,https://boxd.it/1ADY,3
2021-02-20,Army of Darkness,1992,https://boxd.it/29G4,4
2021-02-20,Saint Maud,2019,https://boxd.it/l8QA,2.5
2021-02-21,Michael Clayton,2007,https://boxd.it/2466,3.5
2021-02-22,Judas and the Black Messiah,2021,https://boxd.it/lsew,3.5
2021-02-22,Tabu,2012,https://boxd.it/3h40,4
2021-02-23,Shiva Baby,2020,https://boxd.it/oIv0,3.5
2021-02-24,Birdman or (The Unexpected Virtue of Ignorance),2014,https://boxd.it/5RFA,3
2021-02-24,4:44 Last Day on Earth,2011,https://boxd.it/34SQ,3.5
2021-02-25,Crimes and Misdemeanors,1989,https://boxd.it/1Ty4,5
2021-02-25,Deconstructing Harry,1997,https://boxd.it/26xe,4.5
2021-02-25,Zelig,1983,https://boxd.it/1UOC,4
2021-02-25,Manhattan Murder Mystery,1993,https://boxd.it/1Wg8,4
2021-02-25,Manhattan,1979,https://boxd.it/29Na,4
2021-02-25,Whatever Works,2009,https://boxd.it/1FoE,3.5
2021-02-25,Safe,1995,https://boxd.it/1gKU,3.5
2021-02-26,Hannah and Her Sisters,1986,https://boxd.it/23jy,4
2021-02-26,Sweet and Lowdown,1999,https://boxd.it/1Y3K,3.5
2021-02-26,Match Point,2005,https://boxd.it/2b6s,4
2021-02-26,Love and Death,1975,https://boxd.it/1TeS,4
2021-02-26,The Purple Rose of Cairo,1985,https://boxd.it/1VeU,4
2021-02-26,Radio Days,1987,https://boxd.it/1kms,3.5
2021-02-26,Vincere,2009,https://boxd.it/1lJC,4
2021-02-27,The New World,2005,https://boxd.it/1TVW,3.5
2021-02-27,Public Speaking,2010,https://boxd.it/toU,3.5
2021-02-28,Iguana,1988,https://boxd.it/5McI,3.5
2021-03-01,Sebastiane,1976,https://boxd.it/Xog,3.5
2021-03-01,Central Park,1989,https://boxd.it/2q1M,3.5
2021-03-01,Le Jour Se Lève,1939,https://boxd.it/1sD2,4.5
2021-03-01,Hôtel du Nord,1938,https://boxd.it/ICW,3.5
2021-03-02,Whiplash,2014,https://boxd.it/7bQA,2.5
2021-03-02,First Man,2018,https://boxd.it/cPym,3.5
2021-03-02,Road to Nowhere,2010,https://boxd.it/Wea,3.5
2021-03-03,Grave of the Fireflies,1988,https://boxd.it/1RUM,4
2021-03-03,Pom Poko,1994,https://boxd.it/1Mvi,4
2021-03-03,Holy Motors,2012,https://boxd.it/3wai,4.5
2021-03-03,La La Land,2016,https://boxd.it/a5fa,3.5
2021-03-03,To the Wonder,2012,https://boxd.it/gpU,4
2021-03-04,The Tempest,1979,https://boxd.it/3z0U,3.5
2021-03-05,Based on a True Story,2017,https://boxd.it/eGvW,2.5
2021-03-06,Sweet Smell of Success,1957,https://boxd.it/29aW,4
2021-03-07,Theory of Obscurity: A Film About the Residents,2015,https://boxd.it/axoY,3.5
2021-03-08,Near Death,1989,https://boxd.it/3grC,5
2021-03-09,'R Xmas,2001,https://boxd.it/GQC,3.5
2021-03-10,White Men Can't Jump,1992,https://boxd.it/1WWy,3.5
2021-03-10,Never Gonna Snow Again,2020,https://boxd.it/rdSI,3.5
2021-03-12,Voyage of Time: Life's Journey,2016,https://boxd.it/34Sw,2.5
2021-03-12,Anchorman 2: The Legend Continues,2013,https://boxd.it/3GNk,4.5
2021-03-12,True Romance,1993,https://boxd.it/2aBa,3.5
2021-03-13,The Long Goodbye,1973,https://boxd.it/281O,5
2021-03-15,The Golden Coach,1952,https://boxd.it/pMe,4
2021-03-16,La Bête Humaine,1938,https://boxd.it/1nxI,4.5
2021-03-16,Limite,1931,https://boxd.it/20iW,4.5
2021-03-17,Tiresia,2003,https://boxd.it/2gkE,3.5
2021-03-17,Zombi Child,2019,https://boxd.it/kgkq,3.5
2021-03-18,Triumph of the Will,1935,https://boxd.it/145A,3.5
2021-03-19,The Angelic Conversation,1985,https://boxd.it/LyS,3.5
2021-03-20,Les visiteurs du soir,1942,https://boxd.it/QAa,4
2021-03-20,3 Women,1977,https://boxd.it/YPs,4.5
2021-03-21,The Swimmer,1968,https://boxd.it/1ffG,4
2021-03-22,The Store,1983,https://boxd.it/3IRo,3.5
2021-03-22,Knight of Cups,2015,https://boxd.it/34Qq,3.5
2021-03-25,The Thief of Bagdad,1924,https://boxd.it/1ot8,4
2021-03-25,On War,2008,https://boxd.it/12HM,3.5
2021-03-26,Venus in Fur,2013,https://boxd.it/5WhS,4
2021-03-26,The Fearless Vampire Killers,1967,https://boxd.it/25Ri,3.5
2021-03-27,That Cold Day in the Park,1969,https://boxd.it/85s,4
2021-03-27,One Hamlet Less,1973,https://boxd.it/5Yom,4
2021-03-28,The Rental,2020,https://boxd.it/lCQ6,3
2021-03-29,Ludwig,1973,https://boxd.it/25m0,4
2021-03-30,Edward II,1991,https://boxd.it/TVA,4.5
2021-03-30,War Requiem,1989,https://boxd.it/Y7U,4
2021-03-31,Genus Pan,2020,https://boxd.it/rizG,3.5
2021-03-31,"A White, White Day",2019,https://boxd.it/lZWQ,3.5
2021-03-31,High Flying Bird,2019,https://boxd.it/itka,3.5
2021-03-31,The Beguiled,2017,https://boxd.it/dZ1k,3.5
2021-03-31,Lucky,2017,https://boxd.it/el3M,3.5
2021-03-31,On Body and Soul,2017,https://boxd.it/fu7A,3.5
2021-03-31,Safari,2016,https://boxd.it/eyZ0,3.5
2021-03-31,Dark Night,2016,https://boxd.it/cXRw,3.5
2021-03-31,The Canyons,2013,https://boxd.it/3Hbw,3.5
2021-03-31,Passion,2012,https://boxd.it/3G5W,3.5
2021-03-31,Boris - Il film,2011,https://boxd.it/kbM,3.5
2021-03-31,Juan of the Dead,2011,https://boxd.it/2z46,3
2021-03-31,Rembrandt's J'Accuse...!,2008,https://boxd.it/1fT2,3.5
2021-03-31,Mister Lonely,2007,https://boxd.it/1KKg,3
2021-03-31,Interstella 5555: The 5tory of the 5ecret 5tar 5ystem,2003,https://boxd.it/1ULy,3.5
2021-03-31,Hard Boiled,1992,https://boxd.it/1T6a,4
2021-03-31,Rouge,1987,https://boxd.it/2cdk,4
2021-03-31,Into the Night,1985,https://boxd.it/1U5W,3.5
2021-03-31,Reds,1981,https://boxd.it/1Hhq,3.5
2021-03-31,Fun Is Beautiful,1980,https://boxd.it/17z4,3.5
2021-03-31,Liza with a Z,1972,https://boxd.it/38cO,3.5
2021-03-31,Directed by John Ford,1971,https://boxd.it/3ihO,3.5
2021-03-31,The House Is Black,1963,https://boxd.it/STe,4
2021-03-31,Hatari!,1962,https://boxd.it/1TYm,3.5
2021-03-31,Mary,2005,https://boxd.it/n4,3.5
2021-04-01,Atlantics,2019,https://boxd.it/hVEK,3.5
2021-04-01,Isadora's Children,2019,https://boxd.it/lIsO,3.5
2021-04-01,Triple Frontier,2019,https://boxd.it/dZUO,3.5
2021-04-01,Agadah,2017,https://boxd.it/hy3m,3
2021-04-01,Hacksaw Ridge,2016,https://boxd.it/azew,3
2021-04-01,Manchester by the Sea,2016,https://boxd.it/b2L0,3.5
2021-04-01,Victoria,2015,https://boxd.it/amSe,3.5
2021-04-01,Berberian Sound Studio,2012,https://boxd.it/3T30,3.5
2021-04-01,Cannibal! The Musical,1993,https://boxd.it/1QVE,3.5
2021-04-02,My Dinner with Andre,1981,https://boxd.it/1vLe,4
2021-04-03,Primate,1974,https://boxd.it/3OT6,3.5
2021-04-03,The House of Love,2020,https://boxd.it/oLCe,3.5
2021-04-03,Inherent Venice,2020,https://boxd.it/rT9q,3.5
2021-04-03,Careless Crime,2020,https://boxd.it/nUAu,3.5
2021-04-03,The Garden,1990,https://boxd.it/3J5A,4
2021-04-04,French Cancan,1955,https://boxd.it/Q4y,4.5
2021-04-04,11 Minutes,2015,https://boxd.it/a84O,3.5
2021-04-04,Stoker,2013,https://boxd.it/34S2,3
2021-04-04,Sympathy for Mr. Vengeance,2002,https://boxd.it/23WU,3.5
2021-04-05,Il Divo,2008,https://boxd.it/1ZNE,4.5
2021-04-05,The Young Pope,2016,https://boxd.it/g3y2,4
2021-04-05,Loro 1,2018,https://boxd.it/eKwE,3.5
2021-04-05,Loro 2,2018,https://boxd.it/iT9C,4
2021-04-05,Under the Silver Lake,2018,https://boxd.it/dSAs,3.5
2021-04-06,Joint Security Area,2000,https://boxd.it/26Ja,3.5
2021-04-07,People Will Talk,1951,https://boxd.it/1zAu,3.5
2021-04-08,Master and Commander: The Far Side of the World,2003,https://boxd.it/200S,3.5
2021-04-08,Dead Poets Society,1989,https://boxd.it/2aSg,3.5
2021-04-08,The Truman Show,1998,https://boxd.it/18U8,4
2021-04-08,Witness,1985,https://boxd.it/1Z4O,3.5
2021-04-08,Thérèse Raquin,1953,https://boxd.it/2f3M,4
2021-04-09,Song to Song,2017,https://boxd.it/aR5C,3.5
2021-04-10,Psycho,1960,https://boxd.it/2ab2,5
2021-04-10,Rear Window,1954,https://boxd.it/2a6Q,5
2021-04-10,North by Northwest,1959,https://boxd.it/2aRM,4.5
2021-04-10,Rope,1948,https://boxd.it/28yo,5
2021-04-10,Rebecca,1940,https://boxd.it/2aQa,4.5
2021-04-10,Strangers on a Train,1951,https://boxd.it/29tk,4.5
2021-04-10,Notorious,1946,https://boxd.it/2aDK,4.5
2021-04-10,To Catch a Thief,1955,https://boxd.it/2avm,4
2021-04-10,The 39 Steps,1935,https://boxd.it/2aKc,4.5
2021-04-10,The Man Who Knew Too Much,1956,https://boxd.it/2a5S,4
2021-04-10,Marnie,1964,https://boxd.it/2afe,4.5
2021-04-10,Torn Curtain,1966,https://boxd.it/22zq,3.5
2021-04-10,Spellbound,1945,https://boxd.it/24Ji,4
2021-04-10,Dial M for Murder,1954,https://boxd.it/2adW,4
2021-04-10,The Birds,1963,https://boxd.it/2a6m,4.5
2021-04-10,General Della Rovere,1959,https://boxd.it/VhW,4
2021-04-10,Dog Eat Dog,2016,https://boxd.it/bYRg,3.5
2021-04-10,The Mosquito Coast,1986,https://boxd.it/1UAA,3.5
2021-04-10,House of Tolerance,2011,https://boxd.it/2Yjq,4
2021-04-11,Fear,1954,https://boxd.it/3lmi,3.5
2021-04-11,Shadow of a Doubt,1943,https://boxd.it/1BtA,4
2021-04-11,Au Revoir les Enfants,1987,https://boxd.it/288U,4.5
2021-04-12,The Big Sleep,1946,https://boxd.it/29iQ,4.5
2021-04-12,Ball of Fire,1941,https://boxd.it/1ms8,4
2021-04-12,Alice and the Mayor,2019,https://boxd.it/lOGC,3
2021-04-12,Dead in a Week (Or Your Money Back),2018,https://boxd.it/gM5E,3
2021-04-12,Aquarela,2018,https://boxd.it/jDG8,3.5
2021-04-12,Blade Runner 2049,2017,https://boxd.it/b8wK,3
2021-04-12,Borg vs McEnroe,2017,https://boxd.it/dViG,2.5
2021-04-12,"Belfast, Maine",1999,https://boxd.it/2YV0,4.5
2021-04-14,Sweet Deceptions,1960,https://boxd.it/2UkY,4.5
2021-04-15,The Sting,1973,https://boxd.it/1Z5s,3.5
2021-04-15,The Searchers,1956,https://boxd.it/25HC,4.5
2021-04-16,Collective,2019,https://boxd.it/mRVi,3.5
2021-04-17,Godard Mon Amour,2017,https://boxd.it/eGLK,3
2021-04-17,Saint Laurent,2014,https://boxd.it/6zHA,3.5
2021-04-17,Things to Come,2016,https://boxd.it/d0wc,3
2021-04-18,Eden,2014,https://boxd.it/8KNo,2
2021-04-19,Olympia Part One: Festival of the Nations,1938,https://boxd.it/29PU,4
2021-04-20,Gates of the Night,1946,https://boxd.it/f9G,4
2021-04-20,Heimat Is a Space in Time,2019,https://boxd.it/laPu,3.5
2021-04-20,Palms,1994,https://boxd.it/3Wbc,4.5
2021-04-21,Él,1953,https://boxd.it/UIM,4
2021-04-22,The Mole Agent,2020,https://boxd.it/oiRO,3.5
2021-04-23,Mind Game,2004,https://boxd.it/1Bv2,3.5
2021-04-24,Better Days,2019,https://boxd.it/l9Ke,3
2021-04-26,The Pink Panther,1963,https://boxd.it/29eO,3.5
2021-04-28,Punishment Park,1971,https://boxd.it/1tJK,4
2021-04-29,Go Go Tales,2007,https://boxd.it/DVO,3.5
2021-04-30,The Pride of the Yankees,1942,https://boxd.it/1FCm,4
2021-05-01,The Disciple,2020,https://boxd.it/riwi,3.5
2021-05-01,13 Assassins,2010,https://boxd.it/jqc,3.5
2021-05-03,World on a Wire,1973,https://boxd.it/xnQ,4.5
2021-05-04,Sans Soleil,1983,https://boxd.it/28B8,4
2021-05-04,Public Housing,1997,https://boxd.it/3OSM,4
2021-05-04,Racetrack,1985,https://boxd.it/3OSC,3.5
2021-05-05,The Thief and the Cobbler,1993,https://boxd.it/1tpq,4.5
2021-05-06,The Mitchells vs. The Machines,2021,https://boxd.it/i7xm,3.5
2021-05-07,The Idiot,1951,https://boxd.it/1x0O,4.5
2021-05-07,The Bride of Frankenstein,1935,https://boxd.it/2aPc,4.5
2021-05-07,The Crowd,1928,https://boxd.it/25Q0,4.5
2021-05-07,Sarah Winchester: Ghost Opera,2016,https://boxd.it/eyiq,3.5
2021-05-07,Black Dynamite,2009,https://boxd.it/1wX6,3.5
2021-05-07,The Doctor's Horrible Experiment,1959,https://boxd.it/25UG,4
2021-05-08,Macbeth,1971,https://boxd.it/1U9k,4.5
2021-05-10,Macbeth,1983,https://boxd.it/3Qyu,3.5
2021-05-11,Chelsea on the Rocks,2008,https://boxd.it/3ZvO,3.5
2021-05-12,Moebius,1996,https://boxd.it/13Vg,3
2021-05-12,Five Easy Pieces,1970,https://boxd.it/1tww,4
2021-05-14,The Seduction of Mimi,1972,https://boxd.it/pOu,3.5
2021-05-14,In a Lonely Place,1950,https://boxd.it/1JgO,4
2021-05-15,Hand Gun,1994,https://boxd.it/97Ek,3.5
2021-05-15,Macbeth,1948,https://boxd.it/1qKA,4
2021-05-15,True History of the Kelly Gang,2019,https://boxd.it/i6pm,2
2021-05-17,Elena and Her Men,1956,https://boxd.it/xek,3.5
2021-05-17,Picnic on the Grass,1959,https://boxd.it/VhM,4
2021-05-19,The Day a Pig Fell Into the Well,1996,https://boxd.it/33ze,3.5
2021-05-21,Olympia Part Two: Festival of Beauty,1938,https://boxd.it/29OW,4.5
2021-05-22,"Rome, Open City",1945,https://boxd.it/2aD6,4
2021-05-22,Germany Year Zero,1948,https://boxd.it/20FG,4.5
2021-05-22,Cube,1997,https://boxd.it/2aoU,3.5
2021-05-22,Sucker Punch,2011,https://boxd.it/1yYg,3.5
2021-05-22,The Matrix,1999,https://boxd.it/2a1m,3.5
2021-05-22,Cloud Atlas,2012,https://boxd.it/2W60,3.5
2021-05-22,Speed Racer,2008,https://boxd.it/20UQ,3.5
2021-05-22,The Matrix Reloaded,2003,https://boxd.it/2a1c,3.5
2021-05-22,The Matrix Revolutions,2003,https://boxd.it/2a12,3.5
2021-05-22,WALL·E,2008,https://boxd.it/1VEo,4.5
2021-05-22,A Bug's Life,1998,https://boxd.it/1Yyy,3.5
2021-05-22,Zootopia,2016,https://boxd.it/84xS,3.5
2021-05-22,The Incredibles,2004,https://boxd.it/1XLm,4.5
2021-05-22,Wag the Dog,1997,https://boxd.it/2a3W,3.5
2021-05-22,Adjustment & Work,1986,https://boxd.it/3OLw,3.5
2021-05-23,Under the Cold Stars,2020,https://boxd.it/o4lO,3.5
2021-05-23,The End of the Track,1970,https://boxd.it/j09u,4
2021-05-24,Nocturama,2016,https://boxd.it/dfdk,4.5
2021-05-25,What?,1972,https://boxd.it/2QS8,3
2021-05-26,Harry Potter and the Prisoner of Azkaban,2004,https://boxd.it/29Qy,3.5
2021-05-26,Harry Potter and the Philosopher's Stone,2001,https://boxd.it/29QS,3.5
2021-05-26,Harry Potter and the Chamber of Secrets,2002,https://boxd.it/29QI,3.5
2021-05-26,Harry Potter and the Goblet of Fire,2005,https://boxd.it/29Qo,3.5
2021-05-26,The Day of the Beast,1995,https://boxd.it/1Vyg,3.5
2021-05-26,Y Tu Mamá También,2001,https://boxd.it/28QM,3.5
2021-05-27,Burn After Reading,2008,https://boxd.it/23BW,3.5
2021-05-29,The Power of Kangwon Province,1998,https://boxd.it/33zo,3.5
2021-05-29,Bullet in the Head,1990,https://boxd.it/1SNs,4.5
2021-05-30,Paisan,1946,https://boxd.it/20ay,4.5
2021-05-30,8½,1963,https://boxd.it/2aqm,5
2021-05-30,La Dolce Vita,1960,https://boxd.it/2anC,5
2021-05-30,Amarcord,1973,https://boxd.it/20NA,4.5
2021-05-30,The Marquis of Grillo,1981,https://boxd.it/1h5y,4
2021-05-30,My Friends,1975,https://boxd.it/1CI2,4.5
2021-06-06,Wrong Cops,2013,https://boxd.it/4YkW,3
2021-06-06,The Informant!,2009,https://boxd.it/1U8c,3.5
2021-06-06,Che: Part One,2008,https://boxd.it/1ZGe,3.5
2021-06-06,Che: Part Two,2008,https://boxd.it/1ZGo,3
2021-06-06,The Limey,1999,https://boxd.it/1Woc,3.5
2021-06-07,Stromboli,1950,https://boxd.it/24Js,4.5
2021-06-07,Virgin Stripped Bare by Her Bachelors,2000,https://boxd.it/tFw,4
2021-06-08,"Napoli, Napoli, Napoli",2009,https://boxd.it/3lY2,3.5
2021-06-09,"Dr. Mabuse, the Gambler",1922,https://boxd.it/22dE,5
2021-06-09,Multi-Handicapped,1986,https://boxd.it/3OTq,3.5
2021-06-10,A Scene at the Sea,1991,https://boxd.it/1z10,3.5
2021-06-12,The Flowers of St. Francis,1950,https://boxd.it/oTS,4
2021-06-13,Happy Together,1997,https://boxd.it/1Ha0,4.5
2021-06-13,In the Mood for Love,2000,https://boxd.it/29tE,4
2021-06-15,2046,2004,https://boxd.it/29tu,4
2021-06-15,Chungking Express,1994,https://boxd.it/1UDa,4
2021-06-17,Nostalgia for the Light,2010,https://boxd.it/2nGM,3.5
2021-06-19,The Pearl Button,2015,https://boxd.it/amQs,3.5
2021-06-19,Europe '51,1952,https://boxd.it/Zji,4.5
2021-06-20,Bo Burnham: Inside,2021,https://boxd.it/v2uy,3
2021-06-20,Mulberry St.,2010,https://boxd.it/3yQU,3.5
2021-06-21,Luca,2021,https://boxd.it/ipjC,3.5
2021-06-22,Lone Star,1996,https://boxd.it/1tge,4
2021-06-24,The Life of Jesus,1997,https://boxd.it/1sBg,3.5
2021-06-26,Journey to Italy,1954,https://boxd.it/26o2,5
2021-06-28,A Quiet Place,2018,https://boxd.it/fVJQ,3.5
2021-06-29,Humanité,1999,https://boxd.it/3Zq,4.5
2021-06-30,Hadewijch,2009,https://boxd.it/2nm8,4
2021-07-01,The Enclosed Valley,1995,https://boxd.it/5ytg,4
2021-07-02,Die Nibelungen: Siegfried,1924,https://boxd.it/1iWS,4.5
2021-07-02,On the Occasion of Remembering the Turning Gate,2002,https://boxd.it/wYm,4
2021-07-03,The Lady from Shanghai,1947,https://boxd.it/251Q,4.5
2021-07-03,The Magnificent Ambersons,1942,https://boxd.it/29bK,4.5
2021-07-04,Four of the Apocalypse,1975,https://boxd.it/Hsw,4
2021-07-05,The Lion King,1994,https://boxd.it/201Q,4.5
2021-07-06,Wheel of Fortune and Fantasy,2021,https://boxd.it/tWcm,3.5
2021-07-08,"Camille Claudel, 1915",2013,https://boxd.it/3IoQ,4
2021-07-08,Breaking Away,1979,https://boxd.it/1DMO,4
2021-07-09,Close-Up,1990,https://boxd.it/1m9q,4.5
2021-07-10,Mediterraneo,1991,https://boxd.it/16qK,3.5
2021-07-11,For Lucio,2021,https://boxd.it/sn4q,3.5
2021-07-13,Marrakech Express,1989,https://boxd.it/Z1o,3.5
2021-07-14,Mother,2009,https://boxd.it/1m9g,3.5
2021-07-15,Jeannette: The Childhood of Joan of Arc,2017,https://boxd.it/dZ4I,4
2021-07-18,I'm Not There,2007,https://boxd.it/24Ys,4.5
2021-07-18,Wonderstruck,2017,https://boxd.it/dmG4,3.5
2021-07-19,"Summer of Soul (...or, When the Revolution Could Not Be Televised)",2021,https://boxd.it/tbhu,3.5
2021-07-21,Pasolini,2014,https://boxd.it/8LIk,4.5
2021-07-22,Martin Eden,2019,https://boxd.it/lqNO,4
2021-07-23,Bad Luck Banging or Loony Porn,2021,https://boxd.it/tJOM,4
2021-07-24,Tess,1979,https://boxd.it/1UAq,4
2021-07-24,Fallen Angels,1995,https://boxd.it/1UkW,4.5
2021-07-25,Blind,1986,https://boxd.it/4emW,4
2021-07-25,The Last Emperor,1987,https://boxd.it/29Ji,4
2021-07-25,Last Tango in Paris,1972,https://boxd.it/28pw,4
2021-07-25,JFK,1991,https://boxd.it/29xm,4
2021-07-26,Old,2021,https://boxd.it/npKI,4
2021-07-26,The Spider's Stratagem,1970,https://boxd.it/WvA,4
2021-07-27,Little Women,2019,https://boxd.it/aSVk,3
2021-07-27,Days of Being Wild,1990,https://boxd.it/1HbC,4
2021-07-29,Nixon,1995,https://boxd.it/1Vds,4.5
2021-07-29,Any Given Sunday,1999,https://boxd.it/1YmC,3.5
2021-07-30,Suspiria,1977,https://boxd.it/1SNW,4.5
2021-07-30,Dark Waters,2019,https://boxd.it/kaYu,3.5
2021-08-01,The Stranger,1946,https://boxd.it/1DP4,4
2021-08-03,Joan of Arc,2019,https://boxd.it/jGfE,3.5
2021-08-05,Woman Is the Future of Man,2004,https://boxd.it/1K4O,3.5
2021-08-06,Flanders,2006,https://boxd.it/1bek,4
2021-08-07,The Suicide Squad,2021,https://boxd.it/fw6O,3.5
2021-08-07,Alive in France,2017,https://boxd.it/gazc,3.5
2021-08-18,Free Guy,2021,https://boxd.it/k8dm,3
2021-08-19,Tenacious D in The Pick of Destiny,2006,https://boxd.it/27go,3.5
2021-08-19,Tale of Cinema,2005,https://boxd.it/31H6,3
2021-08-20,The Distinguished Citizen,2016,https://boxd.it/enGc,3.5
2021-08-20,After Lucia,2012,https://boxd.it/491O,3.5
2021-08-23,You Only Live Once,1937,https://boxd.it/ycO,4
2021-08-23,The Measure of a Man,2015,https://boxd.it/aNgQ,3.5
2021-08-25,9 Lives of a Wet Pussycat,1976,https://boxd.it/8mMQ,3
2021-08-26,Il Grido,1957,https://boxd.it/10ig,4
2021-08-26,L'Avventura,1960,https://boxd.it/23hs,5
2021-08-27,Broadway Danny Rose,1984,https://boxd.it/1Rie,4
2021-08-27,The Man Who Surprised Everyone,2018,https://boxd.it/jAPc,3
2021-08-28,The Visit,2015,https://boxd.it/9ssO,4
2021-08-29,Welcome to New York,2014,https://boxd.it/5XhO,3.5
2021-08-29,Piazza Vittorio,2017,https://boxd.it/gYJm,3.5
2021-08-29,At War,2018,https://boxd.it/hscM,4
2021-08-31,The Sparks Brothers,2021,https://boxd.it/tboq,4
2021-09-01,It Was Yesterday,2016,https://boxd.it/f5SG,2.5
2021-09-01,Karmalink,2021,https://boxd.it/vpCA,3
2021-09-01,The Cathedral,2021,https://boxd.it/wgls,3.5
2021-09-02,Pietro il grande,2021,https://boxd.it/wAPC,1
2021-09-02,Sandstorm,2021,https://boxd.it/wh1I,2
2021-09-02,The Shift,2021,https://boxd.it/wh2c,2
2021-09-02,Heltzear,2021,https://boxd.it/wh1S,2.5
2021-09-02,"Hair Tie, Egg, Homework Books",2021,https://boxd.it/wh22,2.5
2021-09-02,The Boob Fairy,2021,https://boxd.it/wh2G,1
2021-09-02,The Night,2021,https://boxd.it/wgka,3
2021-09-02,The Power of the Dog,2021,https://boxd.it/m99E,3.5
2021-09-02,Parallel Mothers,2021,https://boxd.it/sOP4,4
2021-09-02,Promises,2021,https://boxd.it/tATI,3
2021-09-03,Atlantide,2021,https://boxd.it/wg8I,3
2021-09-03,The Card Counter,2021,https://boxd.it/nTH0,4
2021-09-03,The Hand of God,2021,https://boxd.it/r5uI,4.5
2021-09-04,The Hole in the Fence,2021,https://boxd.it/wgmg,2
2021-09-04,Spencer,2021,https://boxd.it/qPMG,3.5
2021-09-04,Il buco,2021,https://boxd.it/ozry,4
2021-09-04,Dune,2021,https://boxd.it/fA7G,2.5
2021-09-05,Sundown,2021,https://boxd.it/wgbs,3.5
2021-09-05,Last Night in Soho,2021,https://boxd.it/lbJC,4
2021-09-05,Official Competition,2021,https://boxd.it/oUKm,2.5
2021-09-06,The Inner Cage,2021,https://boxd.it/sRXq,3.5
2021-09-06,Peacock’s Paradise,2021,https://boxd.it/vo1y,3
2021-09-06,Lost Illusions,2021,https://boxd.it/oxSW,3.5
2021-09-07,The Great Movement,2021,https://boxd.it/wgne,3
2021-09-07,Reflection,2021,https://boxd.it/vf4e,3
2021-09-07,The Box,2021,https://boxd.it/mPoG,2
2021-09-08,The Queen of Hearts,2021,https://boxd.it/wQu6,1
2021-09-08,Life of Crime: 1984-2020,2021,https://boxd.it/wg9m,4
2021-09-08,Once Upon a Time in Calcutta,2021,https://boxd.it/qYA0,3
2021-09-08,Happening,2021,https://boxd.it/tRts,3.5
2021-09-08,Captain Volkonogov Escaped,2021,https://boxd.it/uQa2,2.5
2021-09-08,Old Henry,2021,https://boxd.it/ty1u,3
2021-09-08,The King of Laughter,2021,https://boxd.it/oTtO,4
2021-09-09,Django & Django: Sergio Corbucci Unchained,2021,https://boxd.it/wgjG,3
2021-09-09,The 7 Days of Bergamo,2021,https://boxd.it/wghK,2
2021-09-09,Giulia,2021,https://boxd.it/wkVY,3.5
2021-09-09,Semiotic Plastic,2021,https://boxd.it/wgk0,4
2021-09-09,Freaks Out,2021,https://boxd.it/kYWS,2.5
2021-09-10,INU-OH,2021,https://boxd.it/nQDE,3.5
2021-09-10,On the Job: The Missing 8,2021,https://boxd.it/u7Yw,3
2021-09-10,America Latina,2021,https://boxd.it/uovQ,1.5
2021-09-11,Anatomy of Time,2021,https://boxd.it/tXjS,2.5
2021-09-11,Leave No Traces,2021,https://boxd.it/tFwO,3.5
2021-09-11,Another World,2021,https://boxd.it/oJ0i,4
2021-09-12,Where Is Freedom?,1954,https://boxd.it/2xla,3.5
2021-09-12,Hungry Hearts,2014,https://boxd.it/8LI0,4
2021-09-12,Coriandoli,2021,https://boxd.it/wkVa,1
2021-09-13,The Projectionist,2019,https://boxd.it/lHTO,3
2021-09-14,Othello,1951,https://boxd.it/K5A,4.5
2021-09-16,Marx Can Wait,2021,https://boxd.it/teVs,3.5
2021-09-17,Viva l'Italia!,1961,https://boxd.it/61JW,4
2021-09-18,Sweet Dreams,1981,https://boxd.it/lqy,4
2021-09-18,Mr. Arkadin,1955,https://boxd.it/SZc,4
2021-09-18,The Immortal Story,1968,https://boxd.it/2YZ2,5
2021-09-18,Prince - Sign o' the Times,1987,https://boxd.it/16AA,5
2021-09-19,Filming Othello,1978,https://boxd.it/3T3Y,3.5
2021-09-19,The Caiman,2006,https://boxd.it/1jqe,3.5
2021-09-19,Candyman,1992,https://boxd.it/1Ys6,3.5
2021-09-20,Woodstock,1970,https://boxd.it/1YCU,4
2021-09-20,Spring Breakers,2012,https://boxd.it/421s,4.5
2021-09-20,Summer Interlude,1951,https://boxd.it/KDC,4
2021-09-20,Good Morning,1959,https://boxd.it/2lkk,4
2021-09-21,Missile,1988,https://boxd.it/46fS,4
2021-09-21,The Death of David Cronenberg,2021,https://boxd.it/x1EG,3
2021-09-22,Raw,2016,https://boxd.it/dLd2,3
2021-09-23,The Woman in the Window,1944,https://boxd.it/1J8U,4.5
2021-09-23,Summer with Monika,1953,https://boxd.it/JZC,4
2021-09-24,Far from Heaven,2002,https://boxd.it/1VzS,4
2021-09-24,Velvet Goldmine,1998,https://boxd.it/2878,3.5
2021-09-24,Drums Along the Mohawk,1939,https://boxd.it/2mtC,4
2021-09-24,She Wore a Yellow Ribbon,1949,https://boxd.it/1Pa8,3.5
2021-09-24,Frantic,1988,https://boxd.it/1VFm,3.5
2021-09-24,The Ghost Writer,2010,https://boxd.it/1TQW,4
2021-09-24,Carnage,2011,https://boxd.it/2peU,4
2021-09-24,The Taking of Power by Louis XIV,1966,https://boxd.it/2uMM,3.5
2021-09-25,Zeros and Ones,2021,https://boxd.it/sDyG,4
2021-09-26,A Hero,2021,https://boxd.it/p2zw,4.5
2021-09-26,The Salesman,2016,https://boxd.it/d2we,4
2021-09-26,The Worst Person in the World,2021,https://boxd.it/oyws,3.5
2021-09-26,The Giants,2021,https://boxd.it/vVEy,3.5
2021-09-27,Drive My Car,2021,https://boxd.it/sv94,4.5
2021-09-27,A Chiara,2021,https://boxd.it/vqsm,3.5
2021-09-28,We Have a Pope,2011,https://boxd.it/dai,3
2021-09-29,Bitter Moon,1992,https://boxd.it/1W76,3.5
2021-09-30,Annette,2021,https://boxd.it/f0RS,4.5
2021-09-30,Mia madre,2015,https://boxd.it/abCO,4
2021-10-01,Titane,2021,https://boxd.it/nlQC,3.5
2021-10-02,The Girl with the Dragon Tattoo,2011,https://boxd.it/2Pa,3.5
2021-10-02,The Curious Case of Benjamin Button,2008,https://boxd.it/23Fk,2.5
2021-10-02,Inside Llewyn Davis,2013,https://boxd.it/34Ro,4.5
2021-10-03,"Three Billboards Outside Ebbing, Missouri",2017,https://boxd.it/ceBS,2.5
2021-10-03,Seven Psychopaths,2012,https://boxd.it/34PW,3.5
2021-10-04,My Winnipeg,2007,https://boxd.it/1Qz4,3
2021-10-04,Blade of the Immortal,2017,https://boxd.it/f5Pi,3.5
2021-10-04,Woman on the Beach,2006,https://boxd.it/tKm,3.5
2021-10-05,Underworld,1927,https://boxd.it/WA6,4
2021-10-06,Breathless,1960,https://boxd.it/2aIK,4.5
2021-10-06,Kill List,2011,https://boxd.it/2z4g,3.5
2021-10-06,The Zero Theorem,2013,https://boxd.it/4WDW,4
2021-10-06,Can You Ever Forgive Me?,2018,https://boxd.it/e7x4,3
2021-10-06,Scott Pilgrim vs. the World,2010,https://boxd.it/1Aq6,4
2021-10-07,Lovers Rock,2020,https://boxd.it/qEAk,3
2021-10-08,Blaise Pascal,1972,https://boxd.it/FAo,4.5
2021-10-09,France,2021,https://boxd.it/mdP0,3.5
2021-10-11,The Big Heat,1953,https://boxd.it/1NNM,4
2021-10-16,The Phantom Carriage,1921,https://boxd.it/l4s,4
2021-10-19,No Time to Die,2021,https://boxd.it/cPX2,2.5
2021-10-20,Three Floors,2021,https://boxd.it/mv2K,3
2021-10-21,The Last Duel,2021,https://boxd.it/mQbe,3.5
2021-10-22,Drowning by Numbers,1988,https://boxd.it/1rYe,4
2021-10-22,The Treasure of the Sierra Madre,1948,https://boxd.it/25Lk,5
2021-10-23,One More Time with Feeling,2016,https://boxd.it/edaK,4
2021-10-24,The Meaning of Life,1983,https://boxd.it/249E,4.5
2021-10-26,Invisible Life,2019,https://boxd.it/k1JU,4
2021-11-02,Zero Dark Thirty,2012,https://boxd.it/3n1w,4.5
2021-11-07,Kubo and the Two Strings,2016,https://boxd.it/a4wE,4
2021-11-07,India: Matri Bhumi,1959,https://boxd.it/4d5A,4
2021-11-07,L'amore,1948,https://boxd.it/UsO,3.5
2021-11-07,The Age of the Medici,1972,https://boxd.it/3U4S,4
2021-11-08,Days,2020,https://boxd.it/oEE8,4
2021-11-08,Twentynine Palms,2003,https://boxd.it/1tug,3
2021-11-08,The Seventh Seal,1957,https://boxd.it/2ahO,4.5
2021-11-09,Jezebel,1938,https://boxd.it/27IM,3.5
2021-11-10,My Life as a Zucchini,2016,https://boxd.it/dL2y,3.5
2021-11-10,Smiles of a Summer Night,1955,https://boxd.it/1TcM,4
2021-11-12,Dinner at Eight,1933,https://boxd.it/14oW,4.5
2021-11-12,The Best Years of Our Lives,1946,https://boxd.it/29my,4.5
2021-11-13,Aspen,1991,https://boxd.it/6A0W,3.5
2021-11-14,The Messiah,1975,https://boxd.it/20ao,4.5
2021-11-15,The Docks of New York,1928,https://boxd.it/29mS,4
2021-11-17,Wild Strawberries,1957,https://boxd.it/29ZU,5
2021-11-17,The Seventh Continent,1989,https://boxd.it/1gB4,4
2021-11-18,Interiors,1978,https://boxd.it/1LlQ,3.5
2021-11-18,Wuthering Heights,1939,https://boxd.it/25Mi,3
2021-11-19,The Magician,1958,https://boxd.it/1nse,4
2021-11-20,"Lemmings, Part 1 – Arcadia",1979,https://boxd.it/4IEc,4
2021-11-20,Tokyo Vampire Hotel,2017,https://boxd.it/lpUk,3
2021-11-21,The French Dispatch,2021,https://boxd.it/jLP8,3
2021-11-22,The Letter,1940,https://boxd.it/1I3Y,4
2021-11-24,"Lemmings, Part 2 – Injuries",1979,https://boxd.it/4IE2,3.5
2021-11-25,Brink of Life,1958,https://boxd.it/eXg,3.5
2021-11-26,The Little Foxes,1941,https://boxd.it/Tym,4
2021-11-29,"Planes, Trains and Automobiles",1987,https://boxd.it/26zE,3
2021-12-10,West Side Story,1961,https://boxd.it/28dK,4.5
2021-12-11,Song of the Sea,2014,https://boxd.it/3Ic6,4
2021-12-11,Julius Caesar,1953,https://boxd.it/1HHy,3.5
2021-12-13,Don't Look Up,2021,https://boxd.it/o0Hc,2
2021-12-18,Get Out,2017,https://boxd.it/eOCm,3
2021-12-20,The Zen Diaries of Garry Shandling,2018,https://boxd.it/hYpI,4
2021-12-21,No Sudden Move,2021,https://boxd.it/o7WS,3.5
2021-12-22,Benny's Video,1992,https://boxd.it/27Hk,3
2021-12-25,Machete,2010,https://boxd.it/1yXW,3.5
2021-12-26,Kikujiro,1999,https://boxd.it/24xc,4
2021-12-26,Fireworks,1997,https://boxd.it/22mQ,4
2021-12-29,The Beatles: Get Back,2021,https://boxd.it/xo7A,4
2022-01-02,West Side Story,2021,https://boxd.it/iwt0,4
2022-01-04,Compartment No. 6,2021,https://boxd.it/lEty,3.5
2022-01-05,Outside Satan,2011,https://boxd.it/3a0U,4
2022-01-05,CoinCoin and the Extra-Humans,2018,https://boxd.it/x4tG,3.5
2022-01-06,House of Gucci,2021,https://boxd.it/nVkC,3
2022-01-07,Mrs. Miniver,1942,https://boxd.it/1rXA,3.5
2022-01-08,The Virgin Spring,1960,https://boxd.it/1TjI,4.5
2022-01-08,71 Fragments of a Chronology of Chance,1994,https://boxd.it/1gAU,4
2022-01-09,The Adventures of Tintin,2011,https://boxd.it/1Irc,4
2022-01-09,The Last Command,1928,https://boxd.it/ynM,4.5
2022-01-10,Targets,1968,https://boxd.it/1Fbq,4.5
2022-01-11,Beastie Boys Story,2020,https://boxd.it/oIW6,3
2022-01-11,Her,2013,https://boxd.it/4O24,3.5
2022-01-11,DAU. The Empire. Novel One: Return Of The Prodigal Son,2020,https://boxd.it/qaOm,4
2022-01-13,The Devil's Eye,1960,https://boxd.it/JaO,3.5
2022-01-14,Kingdom of Heaven,2005,https://boxd.it/28Gs,3
2022-01-15,The Tragedy of Macbeth,2021,https://boxd.it/lMi4,4
2022-01-16,Funny Games,1997,https://boxd.it/1WKM,4
2022-01-16,Through a Glass Darkly,1961,https://boxd.it/1TrW,4.5
2022-01-16,"Paris, Texas",1984,https://boxd.it/29Ts,4.5
2022-01-17,The Heiress,1949,https://boxd.it/1pi6,3.5
2022-01-17,Detective Story,1951,https://boxd.it/1CPi,4
2022-01-17,Winter Light,1963,https://boxd.it/1nrU,4
2022-01-17,The Great Buster: A Celebration,2018,https://boxd.it/jEsQ,3.5
2022-01-17,Gate of Hell,1953,https://boxd.it/UHY,3.5
2022-01-18,Funny Games,2007,https://boxd.it/207a,3
2022-01-18,The Piano Teacher,2001,https://boxd.it/2886,4.5
2022-01-18,Code Unknown,2000,https://boxd.it/1kaw,3.5
2022-01-18,A Perfect Day,2015,https://boxd.it/ard6,3
2022-01-18,The Last Picture Show,1971,https://boxd.it/1weg,4.5
2022-01-18,Time of the Wolf,2003,https://boxd.it/1y7w,3.5
2022-01-18,Caché,2005,https://boxd.it/2amY,4
2022-01-19,Licorice Pizza,2021,https://boxd.it/qTKY,4.5
2022-01-20,Slack Bay,2016,https://boxd.it/cTOI,3.5
2022-01-22,Diabolik,2021,https://boxd.it/lRIQ,3
2022-01-24,Scream,1996,https://boxd.it/24EC,4.5
2022-01-24,Scream 2,1997,https://boxd.it/24Es,3.5
2022-01-24,Scream 3,2000,https://boxd.it/24Ei,3
2022-01-24,Scream 4,2011,https://boxd.it/Zmc,3.5
2022-01-26,Vampyr,1932,https://boxd.it/29DY,4.5
2022-01-26,It Comes at Night,2017,https://boxd.it/eLuk,2
2022-01-26,The Spirit of the Beehive,1973,https://boxd.it/24eY,4
2022-01-28,The Conversation,1974,https://boxd.it/2a38,4.5
2022-01-28,The Godfather: Part II,1974,https://boxd.it/2aNq,5
2022-01-28,The Godfather,1972,https://boxd.it/2aNK,4.5
2022-01-28,Clerks,1994,https://boxd.it/2706,4
2022-01-28,Chasing Amy,1997,https://boxd.it/274W,3
2022-01-28,Dogma,1999,https://boxd.it/284e,4
2022-01-28,Jay and Silent Bob Strike Back,2001,https://boxd.it/26ZM,3.5
2022-01-28,Red State,2011,https://boxd.it/I9g,3.5
2022-01-28,The Ninth Gate,1999,https://boxd.it/29YM,3.5
2022-01-29,Nightmare Alley,1947,https://boxd.it/1Fya,3.5
2022-01-29,Mystic River,2003,https://boxd.it/2aAG,4.5
2022-01-30,Fest,2017,https://boxd.it/qJnU,3
2022-01-31,Black Girl,1966,https://boxd.it/3jIQ,4
2022-02-01,The White Ribbon,2009,https://boxd.it/17eU,4
2022-02-02,The Matrix Resurrections,2021,https://boxd.it/n87k,3.5
2022-02-03,Andrei Rublev,1966,https://boxd.it/29lg,4.5
2022-02-03,Cul-de-sac,1966,https://boxd.it/23QW,4
2022-02-04,Ivan's Childhood,1962,https://boxd.it/1j6y,3.5
2022-02-05,The Man Who Wasn't There,2001,https://boxd.it/1Vqc,4
2022-02-07,Scream,2022,https://boxd.it/o0lg,2.5
2022-02-08,The Desperate Hours,1955,https://boxd.it/1GCC,3.5
2022-02-09,Ben-Hur,1959,https://boxd.it/29RQ,3.5
2022-02-09,Zoo,1993,https://boxd.it/3OS8,3.5
2022-02-10,Nightmare Alley,2021,https://boxd.it/m0HC,3.5
2022-02-11,Sunset Boulevard,1950,https://boxd.it/2a20,5
2022-02-11,Moby Dick,1956,https://boxd.it/1Wvi,3.5
2022-02-11,Patton,1970,https://boxd.it/1UnQ,4
2022-02-11,Bubba Ho-tep,2002,https://boxd.it/1Y02,3
2022-02-11,Roman Holiday,1953,https://boxd.it/29zW,4
2022-02-12,Thunderbolt,1929,https://boxd.it/1rLu,4
2022-02-12,The Silence,1963,https://boxd.it/1TH6,4
2022-02-12,Amira,2021,https://boxd.it/tXl0,3
2022-02-13,Family Nest,1979,https://boxd.it/IKG,3.5
2022-02-13,The Odd Couple,1968,https://boxd.it/1U32,3.5
2022-02-13,Logan,2017,https://boxd.it/7Piy,3
2022-02-13,Ford v Ferrari,2019,https://boxd.it/ce74,3.5
2022-02-13,The Lost Daughter,2021,https://boxd.it/kgww,3
2022-02-13,Mona Lisa and the Blood Moon,2021,https://boxd.it/iXY0,3
2022-02-13,Bridge of Spies,2015,https://boxd.it/9n9C,3.5
2022-02-13,Munich,2005,https://boxd.it/2a0e,3.5
2022-02-13,The Terminal,2004,https://boxd.it/2a2O,3
2022-02-13,Minority Report,2002,https://boxd.it/2aWi,3.5
2022-02-13,Raiders of the Lost Ark,1981,https://boxd.it/2bbs,4
2022-02-13,Jaws,1975,https://boxd.it/2a5e,4
2022-02-13,Pirates,1986,https://boxd.it/1TKa,3
2022-02-14,Traffic,2000,https://boxd.it/27Ue,3.5
2022-02-14,Side Effects,2013,https://boxd.it/3GA6,3.5
2022-02-14,Ocean's Thirteen,2007,https://boxd.it/2aEy,3
2022-02-14,Ocean's Eleven,2001,https://boxd.it/2aZm,3.5
2022-02-14,Contagion,2011,https://boxd.it/13rq,3.5
2022-02-14,Ocean's Twelve,2004,https://boxd.it/2aZ2,3
2022-02-14,Nostalgia,1983,https://boxd.it/28Qi,4
2022-02-14,Kimi,2022,https://boxd.it/u7LW,3
2022-02-15,Two for the Road,1967,https://boxd.it/22AI,4
2022-02-15,Mirror,1975,https://boxd.it/28Q8,4.5
2022-02-15,Solaris,1972,https://boxd.it/2a2Y,4.5
2022-02-16,The Sacrifice,1986,https://boxd.it/1xg8,5
2022-02-21,Leonora addio,2022,https://boxd.it/uYFC,3.5
2022-02-21,When You're Strange,2009,https://boxd.it/17OI,3.5
2022-02-22,Night and Day,2008,https://boxd.it/lGG,3.5
2022-02-23,California Split,1974,https://boxd.it/1hRs,4
2022-02-23,All These Women,1964,https://boxd.it/3kGG,3.5
2022-02-24,The Other Side of the Wind,2018,https://boxd.it/9w5Y,4.5
2022-02-24,Dick Tracy,1990,https://boxd.it/201w,4
2022-02-24,The Blue Angel,1930,https://boxd.it/2aPm,4.5
2022-02-25,The Big Country,1958,https://boxd.it/1RQU,4
