Date,Name,Year,Letterboxd URI
2017-03-03,Amadeus,1984,https://boxd.it/2aH8
2017-03-03,Moonlight,2016,https://boxd.it/d6bE
2017-03-03,Mad Max: Fury Road,2015,https://boxd.it/2DjO
2017-03-03,Manchester by the Sea,2016,https://boxd.it/b2L0
2017-03-03,Arrival,2016,https://boxd.it/aNGk
2017-03-03,La La Land,2016,https://boxd.it/a5fa
2017-03-03,The Strange Color of Your Body's Tears,2013,https://boxd.it/6el4
2017-03-03,Horse Money,2014,https://boxd.it/8QX0
2017-03-03,The Wild Bunch,1969,https://boxd.it/2a5y
2017-03-03,Blue Velvet,1986,https://boxd.it/29BI
2017-03-03,Jackie,2016,https://boxd.it/d6bu
2017-03-03,The Club,2015,https://boxd.it/amQC
2017-03-03,Neruda,2016,https://boxd.it/bOAO
2017-03-03,Hacksaw Ridge,2016,https://boxd.it/azew
2017-03-03,Nocturnal Animals,2016,https://boxd.it/bkFu
2017-03-03,The Neon Demon,2016,https://boxd.it/9AnW
2017-03-03,Drive,2011,https://boxd.it/IG
2017-03-03,Only God Forgives,2013,https://boxd.it/2HBs
2017-03-03,Bronson,2008,https://boxd.it/1GM8
2017-03-03,Valhalla Rising,2009,https://boxd.it/17lc
2017-03-03,The Cabin in the Woods,2011,https://boxd.it/1zOc
2018-09-09,First Man,2018,https://boxd.it/cPym
2018-09-09,On My Skin,2018,https://boxd.it/jCrQ
2018-09-09,Stripped,2018,https://boxd.it/j9tI
2018-09-09,The Truk,2018,https://boxd.it/jDYw
2018-09-09,My Masterpiece,2018,https://boxd.it/jv20
2018-09-09,The Favourite,2018,https://boxd.it/d2hI
2018-09-09,Roma,2018,https://boxd.it/f69M
2018-09-09,Your Face,2018,https://boxd.it/jBjG
2018-09-09,The Great Buster: A Celebration,2018,https://boxd.it/jEsQ
2018-09-09,The Announcement,2018,https://boxd.it/jBVq
2018-09-09,The Other Side of the Wind,2018,https://boxd.it/9w5Y
2018-09-09,Close Enemies,2018,https://boxd.it/hrHu
2018-09-09,Peterloo,2018,https://boxd.it/e02S
2018-09-09,The Quietude,2018,https://boxd.it/hmZo
2018-09-09,The Sisters Brothers,2018,https://boxd.it/fDFm
2018-09-09,"El Pepe, A Supreme Life",2018,https://boxd.it/jD60
2018-09-09,Sunset,2018,https://boxd.it/dZ5w
2018-09-09,Carmine Street Guitars,2018,https://boxd.it/jDVi
2018-09-09,Dragged Across Concrete,2018,https://boxd.it/fAly
2018-09-09,Living the Light: Robby Muller,2018,https://boxd.it/jE74
2018-09-09,Vox Lux,2018,https://boxd.it/fcFk
2018-09-09,At Eternity's Gate,2018,https://boxd.it/hI40
2018-09-09,"Monrovia, Indiana",2018,https://boxd.it/jAVu
2018-09-09,Suspiria,2018,https://boxd.it/cioI
2018-09-09,Suspiria,1977,https://boxd.it/1SNW
2018-09-09,Our Time,2018,https://boxd.it/dAje
2018-09-09,Shadow,2018,https://boxd.it/gzLi
2018-09-09,Death in Venice,1971,https://boxd.it/21tm
2018-09-09,Killing,2018,https://boxd.it/jlhk
2018-09-09,The Tree of Life,2011,https://boxd.it/1Zu8
2018-09-09,Capri-Revolution,2018,https://boxd.it/jBgM
2018-09-09,Aquarela,2018,https://boxd.it/jDG8
2019-09-01,Once Upon a Time… in Hollywood,2019,https://boxd.it/gH0O
2019-09-01,An Officer and a Spy,2019,https://boxd.it/dZbE
2019-09-01,Balloon,2019,https://boxd.it/mRPE
2019-09-01,Francisca,1981,https://boxd.it/3IYO
2019-09-01,Marriage Story,2019,https://boxd.it/hJAw
2019-09-01,Ad Astra,2019,https://boxd.it/ePzI
2019-09-01,5 Is the Perfect Number,2019,https://boxd.it/kYxy
2019-09-01,Sole,2019,https://boxd.it/lqQI
2019-09-01,Valmont,1989,https://boxd.it/17WW
2019-09-01,Bullet in the Head,1990,https://boxd.it/1SNs
2019-09-01,Booksmart,2019,https://boxd.it/igNS
2019-09-01,Essential Killing,2010,https://boxd.it/IWs
2019-09-01,The Old Man & the Gun,2018,https://boxd.it/fd1q
2019-09-01,A Cure for Wellness,2016,https://boxd.it/bkQW
2019-09-01,It,2017,https://boxd.it/bC8e
2019-09-01,The Master,2012,https://boxd.it/2cBG
2019-09-01,Shin Godzilla,2016,https://boxd.it/a9lm
2019-09-01,The Graduate,1967,https://boxd.it/18Im
2019-09-01,Castaway on the Moon,2009,https://boxd.it/1GXU
2019-09-01,My Days of Glory,2019,https://boxd.it/lqRc
2019-09-01,Wasp Network,2019,https://boxd.it/g5qa
2019-09-01,Ema,2019,https://boxd.it/jHWa
2019-09-02,The Laundromat,2019,https://boxd.it/iLUK
2019-09-03,The Painted Bird,2019,https://boxd.it/h8u2
2019-09-03,No. 7 Cherry Lane,2019,https://boxd.it/mMg0
2019-09-03,The Incredible Shrinking Man,1957,https://boxd.it/1ixS
2019-09-03,Midsommar,2019,https://boxd.it/jhxe
2019-09-03,Spider-Man: Into the Spider-Verse,2018,https://boxd.it/azpY
2019-09-03,About Endlessness,2019,https://boxd.it/bHua
2019-09-03,Martin Eden,2019,https://boxd.it/lqNO
2019-09-04,45 Seconds of Laughter,2019,https://boxd.it/mRV8
2019-09-04,Saturday Fiction,2019,https://boxd.it/hXmo
2019-09-04,Babyteeth,2019,https://boxd.it/iWDU
2019-09-05,Victor/Victoria,1982,https://boxd.it/1RzE
2019-09-05,"Goodbye, Dragon Inn",2003,https://boxd.it/oFG
2019-09-05,Gloria Mundi,2019,https://boxd.it/l1cI
2019-09-06,The Domain,2019,https://boxd.it/mQB2
2019-09-06,Crash,1996,https://boxd.it/29n2
2019-09-06,Volare,2019,https://boxd.it/mGqS
2019-09-06,The Mafia Is No Longer What It Used to Be,2019,https://boxd.it/mRiU
2019-09-06,Waiting for the Barbarians,2019,https://boxd.it/igTw
2019-09-07,Ecstasy,1933,https://boxd.it/Vee
2019-09-07,Giants Being Lonely,2019,https://boxd.it/mRKY
2019-09-07,Joker,2019,https://boxd.it/h4cS
2019-09-07,Zumiriki,2019,https://boxd.it/mRDI
2019-09-07,Eyes Wide Shut,1999,https://boxd.it/2axs
2019-09-10,"Synecdoche, New York",2008,https://boxd.it/23zw
2019-09-10,Videodrome,1983,https://boxd.it/29uC
2019-09-10,Once Upon a Time in the West,1968,https://boxd.it/2az4
2019-09-10,Vertigo,1958,https://boxd.it/2apI
2019-09-10,Dr. Strangelove or: How I Learned to Stop Worrying and Love the Bomb,1964,https://boxd.it/29eY
2019-09-10,Citizen Kane,1941,https://boxd.it/71O
2019-09-10,Greed,1924,https://boxd.it/28Pa
2019-09-10,Mulholland Drive,2001,https://boxd.it/297o
2019-09-10,Napoleon,1927,https://boxd.it/WEC
2019-09-10,The Crowd,1928,https://boxd.it/25Q0
2019-09-10,The Cabinet of Dr. Caligari,1920,https://boxd.it/2aOo
2019-09-10,A Page of Madness,1926,https://boxd.it/3i2u
2019-09-10,The Act of Killing,2012,https://boxd.it/44Cg
2019-09-10,The Thin Red Line,1998,https://boxd.it/1ZTM
2019-09-10,Once Upon a Time in America,1984,https://boxd.it/2aCs
2019-09-10,Metropolis,1927,https://boxd.it/71a
2019-09-10,M,1931,https://boxd.it/29vq
2019-09-10,Close Encounters of the Third Kind,1977,https://boxd.it/29u8
2019-09-10,Sunrise: A Song of Two Humans,1927,https://boxd.it/29Xk
2019-09-10,"Salò, or the 120 Days of Sodom",1975,https://boxd.it/237s
2019-09-10,The Hateful Eight,2015,https://boxd.it/8gw8
2019-09-10,No Country for Old Men,2007,https://boxd.it/21ew
2019-09-10,The Big Lebowski,1998,https://boxd.it/2b6C
2019-09-10,Lawrence of Arabia,1962,https://boxd.it/2wRE
2019-09-10,Stalker,1979,https://boxd.it/28PO
2019-09-10,Battleship Potemkin,1925,https://boxd.it/29Vo
2019-09-10,Tokyo Story,1953,https://boxd.it/1HuY
2019-09-10,Raging Bull,1980,https://boxd.it/28yI
2019-09-10,Arsenal,1929,https://boxd.it/32dm
2019-09-10,Late Spring,1949,https://boxd.it/1DkK
2019-09-10,Ugetsu,1953,https://boxd.it/1NyM
2019-09-10,"Ivan the Terrible, Part I",1944,https://boxd.it/1XMO
2019-09-10,"Ivan the Terrible, Part II: The Boyars' Plot",1958,https://boxd.it/Vfc
2019-09-10,October (Ten Days that Shook the World),1927,https://boxd.it/29N0
2019-09-10,Intolerance: Love's Struggle Throughout the Ages,1916,https://boxd.it/25Qk
2019-09-10,Holy Motors,2012,https://boxd.it/3wai
2019-09-10,The Discreet Charm of the Bourgeoisie,1972,https://boxd.it/2440
2019-09-10,"Monsters, Inc.",2001,https://boxd.it/2a46
2019-09-10,Branded to Kill,1967,https://boxd.it/1HSQ
2019-09-10,Seven Samurai,1954,https://boxd.it/2axi
2019-09-10,Ikiru,1952,https://boxd.it/251c
2019-09-10,Brazil,1985,https://boxd.it/2be2
2019-09-10,The Bride of Frankenstein,1935,https://boxd.it/2aPc
2019-09-10,The Wind Rises,2013,https://boxd.it/4JQS
2019-09-10,The Third Man,1949,https://boxd.it/294E
2019-09-10,Schindler's List,1993,https://boxd.it/2aq2
2019-09-10,L'Atalante,1934,https://boxd.it/ThU
2019-09-10,The Life of Oharu,1952,https://boxd.it/UFy
2019-09-10,Ran,1985,https://boxd.it/1Tlu
2019-09-10,Stagecoach,1939,https://boxd.it/297S
2019-09-10,After Hours,1985,https://boxd.it/1VfS
2019-09-10,The Idiot,1951,https://boxd.it/1x0O
2019-09-10,The Grapes of Wrath,1940,https://boxd.it/2a2u
2019-09-10,Izo,2004,https://boxd.it/1REO
2019-09-10,The Conformist,1970,https://boxd.it/20cE
2019-09-10,Sansho the Bailiff,1954,https://boxd.it/1Dkq
2019-09-10,Rio Bravo,1959,https://boxd.it/2aE4
2019-09-10,Throne of Blood,1957,https://boxd.it/251w
2019-09-10,Sympathy for Lady Vengeance,2005,https://boxd.it/248G
2019-09-10,Fantasia,1940,https://boxd.it/29HG
2019-09-10,Dead or Alive 2: Birds,2000,https://boxd.it/1Pbq
2019-09-10,Rashomon,1950,https://boxd.it/2a9K
2019-09-10,Heimat,1984,https://boxd.it/mKpY
2019-09-10,The Battle of Algiers,1966,https://boxd.it/1IRY
2019-09-10,The Baby of Mâcon,1993,https://boxd.it/23qu
2019-09-10,Caro diario,1993,https://boxd.it/1vT8
2019-09-10,The Party,1968,https://boxd.it/1VnC
2019-09-10,Some Like It Hot,1959,https://boxd.it/2aNA
2019-09-10,Dreams,1990,https://boxd.it/1ROu
2019-09-10,Belluscone: A Sicilian Story,2014,https://boxd.it/95DY
2019-09-10,Akira,1988,https://boxd.it/2b1i
2019-09-10,Palombella rossa,1989,https://boxd.it/oTo
2019-09-10,Blade of the Immortal,2017,https://boxd.it/f5Pi
2019-09-10,Sympathy for Mr. Vengeance,2002,https://boxd.it/23WU
2019-09-10,Collateral,2004,https://boxd.it/28F0
2019-09-10,Phantom Thread,2017,https://boxd.it/e4uc
2019-09-10,Dressed to Kill,1980,https://boxd.it/1UO8
2019-09-10,Chimes at Midnight,1965,https://boxd.it/299k
2019-09-10,Cinderella the Cat,2017,https://boxd.it/gV8i
2019-09-10,High and Low,1963,https://boxd.it/1RSc
2019-09-10,Touch of Evil,1958,https://boxd.it/28II
2019-09-10,The Trial,1962,https://boxd.it/25Xg
2019-09-10,Lincoln,2012,https://boxd.it/2n2s
2019-09-10,'Til Madness Do Us Part,2013,https://boxd.it/6oFS
2019-09-10,Dinner at Eight,1933,https://boxd.it/14oW
2019-09-10,Naked Lunch,1991,https://boxd.it/26ow
2019-09-10,Thirst,2009,https://boxd.it/1Aqq
2019-09-10,Multiple Maniacs,1970,https://boxd.it/1vs2
2019-09-10,The Childhood of a Leader,2015,https://boxd.it/aRce
2019-09-10,The Apartment,1960,https://boxd.it/2aGE
2019-09-10,The Exterminating Angel,1962,https://boxd.it/1nRS
2019-09-10,One More Time with Feeling,2016,https://boxd.it/edaK
2019-09-10,Nosferatu,1922,https://boxd.it/29TM
2019-09-10,Nosferatu the Vampyre,1979,https://boxd.it/21J0
2019-09-10,"Aguirre, the Wrath of God",1972,https://boxd.it/27Fe
2019-09-10,Fitzcarraldo,1982,https://boxd.it/1YV8
2019-09-10,Pulp Fiction,1994,https://boxd.it/29Pq
2019-09-10,Jackie Brown,1997,https://boxd.it/2aVO
2019-09-10,Equinox Flower,1958,https://boxd.it/2lkY
2019-09-10,The Last Circus,2010,https://boxd.it/obw
2019-09-10,Twentieth Century,1934,https://boxd.it/1ifE
2019-09-10,Audition,1999,https://boxd.it/1UHm
2019-09-10,The Beach Bum,2019,https://boxd.it/fH4O
2019-09-10,Spring Breakers,2012,https://boxd.it/421s
2019-09-10,Dead or Alive,1999,https://boxd.it/1U9u
2019-09-10,Gummo,1997,https://boxd.it/1H0Y
2019-09-10,The Invisible Man,1933,https://boxd.it/1VoK
2019-09-10,Bringing Up Baby,1938,https://boxd.it/29ks
2019-09-10,Kubo and the Two Strings,2016,https://boxd.it/a4wE
2019-09-10,Ex Libris: The New York Public Library,2017,https://boxd.it/fSVY
2019-09-10,Kings of the Road,1976,https://boxd.it/1Vhk
2019-09-10,The Spirit of the Beehive,1973,https://boxd.it/24eY
2019-09-10,Ball of Fire,1941,https://boxd.it/1ms8
2019-09-10,Body Double,1984,https://boxd.it/1TGW
2019-09-10,Band of Outsiders,1964,https://boxd.it/20Aw
2019-09-10,La Jetée,1962,https://boxd.it/29Sk
2019-09-10,An American Werewolf in London,1981,https://boxd.it/29yk
2019-09-10,The Blues Brothers,1980,https://boxd.it/2adi
2019-09-10,Carrie,1976,https://boxd.it/20ZQ
2019-09-10,"Dr. Mabuse, the Gambler",1922,https://boxd.it/22dE
2019-09-10,Drunken Angel,1948,https://boxd.it/1uYQ
2019-09-10,Easy Rider,1969,https://boxd.it/29Ys
2019-09-10,Viridiana,1961,https://boxd.it/24eE
2019-09-10,Dogman,2018,https://boxd.it/hniA
2019-09-10,Faces Places,2017,https://boxd.it/g7ck
2019-09-10,Shoplifters,2018,https://boxd.it/ifY6
2019-09-10,Belle de Jour,1967,https://boxd.it/29Uq
2019-09-10,Eraserhead,1977,https://boxd.it/299u
2019-09-10,The Verdict,1982,https://boxd.it/1y3Y
2019-09-10,The Draughtsman's Contract,1982,https://boxd.it/1VhO
2019-09-10,His Girl Friday,1940,https://boxd.it/25M8
2019-09-10,The Tenant,1976,https://boxd.it/1TKk
2019-09-10,Gozu,2003,https://boxd.it/1RTa
2019-09-10,Eyes Without a Face,1960,https://boxd.it/1j9i
2019-09-10,The Look of Silence,2014,https://boxd.it/8006
2019-09-10,Dersu Uzala,1975,https://boxd.it/1XRO
2019-09-10,The Insult,2017,https://boxd.it/gLYy
2019-09-10,"Professor, My Son",1946,https://boxd.it/6dXG
2019-09-10,"Je, Tu, Il, Elle",1974,https://boxd.it/3gWK
2019-09-10,Army of Darkness,1992,https://boxd.it/29G4
2019-09-10,The 47 Ronin,1941,https://boxd.it/Ofu
2019-09-10,Kagemusha,1980,https://boxd.it/1SGG
2019-09-10,A. K.,1985,https://boxd.it/dSDQ
2019-09-10,"Duck, You Sucker",1971,https://boxd.it/2ayU
2019-09-10,Night of the Living Dead,1968,https://boxd.it/1WwA
2019-09-10,The Milky Way,1969,https://boxd.it/1cVk
2019-09-10,"The Cook, the Thief, His Wife & Her Lover",1989,https://boxd.it/20VO
2019-09-10,Son of Saul,2015,https://boxd.it/b6r4
2019-09-10,In the Realm of the Senses,1976,https://boxd.it/22qS
2019-09-10,The Wailing,2016,https://boxd.it/9fLy
2019-09-10,Oldboy,2003,https://boxd.it/29R2
2019-09-10,Park Row,1952,https://boxd.it/1uh8
2019-09-10,Faust,1926,https://boxd.it/1Vxi
2019-09-10,The Nibelungen: Kriemhild's Revenge,1924,https://boxd.it/WIu
2019-09-10,The Last Laugh,1924,https://boxd.it/22es
2019-09-10,Blow Out,1981,https://boxd.it/1TlE
2019-09-10,Dogville,2003,https://boxd.it/2a8W
2019-09-10,Elephant,2003,https://boxd.it/287i
2019-09-10,The Son's Room,2001,https://boxd.it/1TPE
2019-09-10,The Exorcist,1973,https://boxd.it/1Yoo
2019-09-10,The Ninth Configuration,1980,https://boxd.it/1G4q
2019-09-10,Hereditary,2018,https://boxd.it/hNVe
2019-09-10,The Phantom of Liberty,1974,https://boxd.it/22VG
2019-09-10,"O Brother, Where Art Thou?",2000,https://boxd.it/2b3I
2019-09-10,A Grin Without a Cat,1977,https://boxd.it/x8c
2019-09-10,Annie Hall,1977,https://boxd.it/29M2
2019-09-10,Dracula,1992,https://boxd.it/223a
2019-09-10,Drowning by Numbers,1988,https://boxd.it/1rYe
2019-09-10,Noi credevamo,2010,https://boxd.it/o5e
2019-09-10,The House That Jack Built,2018,https://boxd.it/dWO4
2019-09-10,Red River,1948,https://boxd.it/25Lu
2019-09-10,Solaris,1972,https://boxd.it/2a2Y
2019-09-10,There Will Be Blood,2007,https://boxd.it/20Z2
2019-09-10,M*A*S*H,1970,https://boxd.it/29U6
2019-09-10,A Better Tomorrow III: Love and Death in Saigon,1989,https://boxd.it/ZQm
2019-09-10,A Field in England,2013,https://boxd.it/5tmk
2019-09-10,Bianca,1984,https://boxd.it/1N06
2019-09-10,Simon of the Desert,1965,https://boxd.it/1aXe
2019-09-10,Pain and Glory,2019,https://boxd.it/iOBQ
2019-09-10,Fear and Loathing in Las Vegas,1998,https://boxd.it/27Xs
2019-09-10,mother!,2017,https://boxd.it/dgRU
2019-09-10,Nightwatching,2007,https://boxd.it/247I
2019-09-10,Scarlet Street,1945,https://boxd.it/1JgE
2019-09-10,Caliber 9,1972,https://boxd.it/12Fm
2019-09-10,The Lost City of Z,2016,https://boxd.it/a7jS
2019-09-10,King Kong,2005,https://boxd.it/2aLa
2019-09-10,Center Stage,1991,https://boxd.it/2enm
2019-09-10,The Other Side of Hope,2017,https://boxd.it/fcFE
2019-09-10,Mon Oncle,1958,https://boxd.it/2apy
2019-09-10,Call Me by Your Name,2017,https://boxd.it/dYmm
2019-09-10,Crows Zero,2007,https://boxd.it/1N4i
2019-09-10,Picnic at Hanging Rock,1975,https://boxd.it/1UQe
2019-09-10,Being John Malkovich,1999,https://boxd.it/2ahu
2019-09-10,Prisoners,2013,https://boxd.it/4E5i
2019-09-10,Escape from New York,1981,https://boxd.it/294k
2019-09-10,Blade Runner 2049,2017,https://boxd.it/b8wK
2019-09-10,Blade Runner,1982,https://boxd.it/2bcA
2019-09-10,The Disaster Artist,2017,https://boxd.it/cTqc
2019-09-10,BPM (Beats per Minute),2017,https://boxd.it/g796
2019-09-10,Lady Macbeth,2016,https://boxd.it/erJk
2019-09-10,Dunkirk,2017,https://boxd.it/d0Y6
2019-09-10,Midnight Cowboy,1969,https://boxd.it/25Hi
2019-09-10,Tanna,2015,https://boxd.it/caI6
2019-09-10,Loveless,2017,https://boxd.it/fcFa
2019-09-10,Ichi the Killer,2001,https://boxd.it/1Y1O
2019-09-10,The Grand Budapest Hotel,2014,https://boxd.it/3ZqO
2019-09-10,Gate of Hell,1953,https://boxd.it/UHY
2019-09-10,The Departed,2006,https://boxd.it/28MA
2019-09-10,The Wolf of Wall Street,2013,https://boxd.it/3C1m
2019-09-10,Taxi Driver,1976,https://boxd.it/2b8y
2019-09-10,GoodFellas,1990,https://boxd.it/29FA
2019-09-10,Shutter Island,2010,https://boxd.it/1U82
2019-09-10,Hugo,2011,https://boxd.it/R08
2019-09-10,Silence,2016,https://boxd.it/2cAo
2019-09-10,Gangs of New York,2002,https://boxd.it/25FG
2019-09-10,Casino,1995,https://boxd.it/2ads
2019-09-10,The Aviator,2004,https://boxd.it/26BU
2019-09-10,The Rocky Horror Picture Show,1975,https://boxd.it/1a3q
2019-09-10,Shaun of the Dead,2004,https://boxd.it/29J8
2019-09-10,Scott Pilgrim vs. the World,2010,https://boxd.it/1Aq6
2019-09-10,Hot Fuzz,2007,https://boxd.it/2416
2019-09-10,Baby Driver,2017,https://boxd.it/bhF2
2019-09-10,The World's End,2013,https://boxd.it/3EiO
2019-09-10,The Descent,2005,https://boxd.it/1YNy
2019-09-10,That Obscure Object of Desire,1977,https://boxd.it/22zg
2019-09-10,Lost Highway,1997,https://boxd.it/29Wc
2019-09-10,The House by the Sea,2017,https://boxd.it/gLyA
2019-09-10,The Man Who Killed Don Quixote,2018,https://boxd.it/9rkY
2019-09-10,The Belly of an Architect,1987,https://boxd.it/1IWO
2019-09-10,BlacKkKlansman,2018,https://boxd.it/hxL8
2019-09-10,Casualties of War,1989,https://boxd.it/1WZ8
2019-09-10,First Reformed,2017,https://boxd.it/go9C
2019-09-10,Victoria,2015,https://boxd.it/amSe
2019-09-10,Dead or Alive: Final,2002,https://boxd.it/1b3c
2019-09-10,Taxi,2015,https://boxd.it/amS4
2019-09-10,The Witch,2015,https://boxd.it/9X0m
2019-09-10,Phantom of the Paradise,1974,https://boxd.it/1s34
2019-09-10,Detroit,2017,https://boxd.it/el3C
2019-09-10,The Big Heat,1953,https://boxd.it/1NNM
2019-09-10,"Good Morning, Night",2003,https://boxd.it/1yby
2019-09-10,Love Me Tonight,1932,https://boxd.it/1iTa
2019-09-10,True Grit,2010,https://boxd.it/Sog
2019-09-10,Us,2019,https://boxd.it/gnV6
2019-09-10,The Whispering Star,2015,https://boxd.it/c2y8
2019-09-10,It Follows,2014,https://boxd.it/87wo
2019-09-10,Goodnight Mommy,2014,https://boxd.it/8Niy
2019-09-10,Easy,2017,https://boxd.it/gIZS
2019-09-10,Big Trouble in Little China,1986,https://boxd.it/21em
2019-09-10,All the President's Men,1976,https://boxd.it/29lU
2019-09-10,Alexander Nevsky,1938,https://boxd.it/1WKC
2019-09-10,The Hidden Fortress,1958,https://boxd.it/295M
2019-09-10,Drugstore Cowboy,1989,https://boxd.it/2aj6
2019-09-10,Billy Lynn's Long Halftime Walk,2016,https://boxd.it/9g2Y
2019-09-10,Embrace of the Serpent,2015,https://boxd.it/baba
2019-09-10,A Taxi Driver,2017,https://boxd.it/fwac
2019-09-10,The Death of Stalin,2017,https://boxd.it/ea9Y
2019-09-10,The Beyond,1981,https://boxd.it/1FtY
2019-09-10,Guardians of the Galaxy Vol. 2,2017,https://boxd.it/8MxC
2019-09-10,Elle,2016,https://boxd.it/bdhq
2019-09-10,The Traitor,2019,https://boxd.it/l8d4
2019-09-10,Bone Tomahawk,2015,https://boxd.it/9kiw
2019-09-10,Foolish Wives,1922,https://boxd.it/1czy
2019-09-10,Gran Torino,2008,https://boxd.it/1Qzy
2019-09-10,Good Time,2017,https://boxd.it/fcFu
2019-09-10,Catch Me If You Can,2002,https://boxd.it/29VS
2019-09-10,C'est la vie!,2017,https://boxd.it/fk34
2019-09-10,The Shape of Water,2017,https://boxd.it/dZ5m
2019-09-10,Endless Poetry,2016,https://boxd.it/aANs
2019-09-10,A Fantastic Woman,2017,https://boxd.it/fcGi
2019-09-10,Martyrs,2008,https://boxd.it/1Yqu
2019-09-10,Agadah,2017,https://boxd.it/hy3m
2019-09-10,Carol,2015,https://boxd.it/7DPK
2019-09-10,The Story of the Last Chrysanthemum,1939,https://boxd.it/O1i
2019-09-10,Guardians of the Galaxy,2014,https://boxd.it/3VH2
2019-09-10,Tinker Tailor Soldier Spy,2011,https://boxd.it/FRY
2019-09-11,Utamaro and His Five Women,1946,https://boxd.it/3sOy
2019-09-11,Twin Peaks: Fire Walk with Me,1992,https://boxd.it/27Qw
2019-09-11,The Devil's Backbone,2001,https://boxd.it/28Li
2019-09-11,Blood and Sand,1941,https://boxd.it/S2Y
2019-09-11,Eisenstein in Guanajuato,2015,https://boxd.it/41IA
2019-09-11,A Quiet Passion,2016,https://boxd.it/cMXe
2019-09-11,Birdman or (The Unexpected Virtue of Ignorance),2014,https://boxd.it/5RFA
2019-09-11,A Bigger Splash,2015,https://boxd.it/azgs
2019-09-11,Frankenstein,1931,https://boxd.it/25Te
2019-09-11,Fury,1936,https://boxd.it/1NJg
2019-09-11,Isle of Dogs,2018,https://boxd.it/dZrW
2019-09-11,"I, Tonya",2017,https://boxd.it/dzR0
2019-09-11,I Was a Male War Bride,1949,https://boxd.it/1z4o
2019-09-11,Die Nibelungen: Siegfried,1924,https://boxd.it/1iWS
2019-09-11,Citizenfour,2014,https://boxd.it/9eSe
2019-09-11,White Heat,1949,https://boxd.it/1Lw0
2019-09-11,Wonder Wheel,2017,https://boxd.it/fcGC
2019-09-11,The Homesman,2014,https://boxd.it/7SXO
2019-09-11,The Nile Hilton Incident,2017,https://boxd.it/fb06
2019-09-11,Children of Men,2006,https://boxd.it/1Y2i
2019-09-11,Gravity,2013,https://boxd.it/GZY
2019-09-11,"Three Billboards Outside Ebbing, Missouri",2017,https://boxd.it/ceBS
2019-09-11,Burden of Dreams,1982,https://boxd.it/XGk
2019-09-11,The Devil's Candy,2015,https://boxd.it/bWrU
2019-09-11,Darkest Hour,2017,https://boxd.it/dZZa
2019-09-11,The Crescent,2017,https://boxd.it/gO9y
2019-09-11,Red Sparrow,2018,https://boxd.it/e7Pi
2019-09-11,Dawson City: Frozen Time,2016,https://boxd.it/eAmk
2019-09-11,3 Faces,2018,https://boxd.it/iLoE
2019-09-11,The Fury,1978,https://boxd.it/1RA8
2019-09-11,The Great Beauty,2013,https://boxd.it/5ty6
2019-09-11,Tristana,1970,https://boxd.it/1bPg
2019-09-11,Sami Blood,2016,https://boxd.it/enoW
2019-09-11,The Bird People in China,1998,https://boxd.it/1p9o
2019-09-11,The Killing of a Sacred Deer,2017,https://boxd.it/dZ5G
2019-09-11,Happy End,2017,https://boxd.it/dZ2C
2019-09-11,Dolls,1987,https://boxd.it/1xQq
2019-09-11,"Don't Worry, He Won't Get Far on Foot",2018,https://boxd.it/fLeo
2019-09-11,Green Room,2015,https://boxd.it/a75m
2019-09-11,Blue Ruin,2013,https://boxd.it/5H8G
2019-09-11,House on the Edge of the Park,1980,https://boxd.it/1p3g
2019-09-11,The Square,2017,https://boxd.it/e5YW
2019-09-11,Bernie,2011,https://boxd.it/3eWe
2019-09-11,Re-Animator,1985,https://boxd.it/28hM
2019-09-11,Yakuza Apocalypse,2015,https://boxd.it/8Kd6
2019-09-11,Where I've Never Lived,2017,https://boxd.it/hg92
2019-09-11,Ready Player One,2018,https://boxd.it/aZes
2019-09-11,Hard Boiled,1992,https://boxd.it/1T6a
2019-09-11,The Grey,2011,https://boxd.it/2xZE
2019-09-11,Dark Night,2016,https://boxd.it/cXRw
2019-09-11,Obsession,1976,https://boxd.it/23QM
2019-09-11,The Squid and the Whale,2005,https://boxd.it/1VAG
2019-09-11,The Order of Things,2017,https://boxd.it/gZNk
2019-09-11,Rainbow: A Private Affair,2017,https://boxd.it/h3yo
2019-09-11,Bad Santa,2003,https://boxd.it/1WYk
2019-09-11,Adaptation.,2002,https://boxd.it/26mA
2019-09-11,Only Lovers Left Alive,2013,https://boxd.it/4O1U
2019-09-11,Revenge,2017,https://boxd.it/gL9g
2019-09-11,The Young Karl Marx,2017,https://boxd.it/e1qc
2019-09-11,"Nico, 1988",2017,https://boxd.it/gYxq
2019-09-11,Inland Empire,2006,https://boxd.it/28d6
2019-09-11,Shinjuku Triad Society,1995,https://boxd.it/1aZa
2019-09-11,Tokyo Vampire Hotel,2017,https://boxd.it/lpUk
2019-09-11,The House Is Black,1963,https://boxd.it/STe
2019-09-11,Gone Girl,2014,https://boxd.it/6hQu
2019-09-11,Inherent Vice,2014,https://boxd.it/5hla
2019-09-11,Nanook of the North,1922,https://boxd.it/29Rc
2019-09-11,The Post,2017,https://boxd.it/fTeG
2019-09-11,The Mule,2018,https://boxd.it/idcY
2019-09-11,Hell or High Water,2016,https://boxd.it/bfGM
2019-09-11,Juan of the Dead,2011,https://boxd.it/2z46
2019-09-11,Tale of Tales,2015,https://boxd.it/a89u
2019-09-11,Coco,2017,https://boxd.it/bYJQ
2019-09-11,A Ciambra,2017,https://boxd.it/gaz2
2019-09-11,Sweet Dreams,1981,https://boxd.it/lqy
2019-09-11,My Own Private Idaho,1991,https://boxd.it/2ak4
2019-09-11,I Am Not Your Negro,2016,https://boxd.it/etXy
2019-09-11,Safari,2016,https://boxd.it/eyZ0
2019-09-11,"Santiago, Italia",2018,https://boxd.it/kySK
2019-09-11,After the Storm,2016,https://boxd.it/d0HY
2019-09-11,Rouge,1987,https://boxd.it/2cdk
2019-09-11,Personal Shopper,2016,https://boxd.it/bkGM
2019-09-11,Split,2016,https://boxd.it/dgSy
2019-09-11,Addio fottuti musi verdi,2017,https://boxd.it/gQ7Y
2019-09-11,You Only Live Once,1937,https://boxd.it/ycO
2019-09-11,The Big Sick,2017,https://boxd.it/eHvy
2019-09-11,Gods and Monsters,1998,https://boxd.it/25Ty
2019-09-11,Children of the Night,2016,https://boxd.it/f3sc
2019-09-11,Smoke & Mirrors,2016,https://boxd.it/cjtY
2019-09-11,The Great Yokai War,2005,https://boxd.it/XZm
2019-09-11,The Black Cat,1981,https://boxd.it/1tL2
2019-09-11,Godard Mon Amour,2017,https://boxd.it/eGLK
2019-09-11,Rainy Dog,1997,https://boxd.it/1b08
2019-09-11,The Happiness of the Katakuris,2001,https://boxd.it/1KDY
2019-09-11,Miss Sloane,2016,https://boxd.it/d4QA
2019-09-11,Fudoh: The New Generation,1996,https://boxd.it/1aUE
2019-09-11,Into the Night,1985,https://boxd.it/1U5W
2019-09-11,Sicario: Day of the Soldado,2018,https://boxd.it/e4fG
2019-09-11,Lost in La Mancha,2002,https://boxd.it/1Cie
2019-09-11,Widows,2018,https://boxd.it/e6gc
2019-09-11,The Woman in the Window,1944,https://boxd.it/1J8U
2019-09-11,Murder on the Orient Express,1974,https://boxd.it/24IY
2019-09-11,Hostiles,2017,https://boxd.it/dpiO
2019-09-11,Dead in a Week (Or Your Money Back),2018,https://boxd.it/gM5E
2019-09-11,Boris - Il film,2011,https://boxd.it/kbM
2019-09-11,Still Alice,2014,https://boxd.it/8Nhq
2019-09-11,Snake Eyes,1998,https://boxd.it/1ZX0
2019-09-11,Elf,2003,https://boxd.it/1VyK
2019-09-11,Everything You Want,2017,https://boxd.it/glg6
2019-09-11,Love and Bullets,2017,https://boxd.it/gM0k
2019-09-11,12 Years a Slave,2013,https://boxd.it/2D2e
2019-09-11,Borg vs McEnroe,2017,https://boxd.it/dViG
2019-09-11,Virgin Mountain,2015,https://boxd.it/aorY
2019-09-11,Lucky,2017,https://boxd.it/el3M
2019-09-11,The Beguiled,2017,https://boxd.it/dZ1k
2019-09-11,On Body and Soul,2017,https://boxd.it/fu7A
2019-09-11,Barrage,2017,https://boxd.it/f8e0
2019-09-11,Manifesto,2015,https://boxd.it/diI6
2019-09-11,Stoker,2013,https://boxd.it/34S2
2019-09-11,Things to Come,2016,https://boxd.it/d0wc
2019-09-11,Suburbicon,2017,https://boxd.it/dQ8Q
2019-09-11,Border,2018,https://boxd.it/iMbG
2019-09-11,Mister Lonely,2007,https://boxd.it/1KKg
2019-09-11,Lucia's Grace,2018,https://boxd.it/iPiq
2019-09-11,Passion,2012,https://boxd.it/3G5W
2019-09-11,The Intruder,2017,https://boxd.it/gaAa
2019-09-11,The Canyons,2013,https://boxd.it/3Hbw
2019-09-11,Venom,2018,https://boxd.it/b8wA
2019-09-11,Life of Brian,1979,https://boxd.it/2a4q
2019-09-11,Control,2007,https://boxd.it/22IC
2019-09-11,Let the Right One In,2008,https://boxd.it/1Qr0
2019-09-13,The Assassin,2015,https://boxd.it/7rdE
2019-09-15,Too Old to Die Young,2019,https://boxd.it/mwtW
2019-09-15,The Handmaiden,2016,https://boxd.it/948A
2019-09-16,The Young Pope,2016,https://boxd.it/g3y2
2019-09-16,Brawl in Cell Block 99,2017,https://boxd.it/dWOo
2019-09-17,Drums Along the Mohawk,1939,https://boxd.it/2mtC
2019-09-17,Beauty and the Beast,1991,https://boxd.it/1XhG
2019-09-18,Stan & Ollie,2018,https://boxd.it/dOda
2019-09-18,Hunger,2008,https://boxd.it/1Wso
2019-09-18,Shame,2011,https://boxd.it/2CxU
2019-09-18,City Lights,1931,https://boxd.it/29ki
2019-09-18,Nashville,1975,https://boxd.it/25GE
2019-09-18,Laurence Anyways,2012,https://boxd.it/3HQu
2019-09-19,Snow White and the Seven Dwarfs,1937,https://boxd.it/2arO
2019-09-19,Still Recording,2018,https://boxd.it/jGHo
2019-09-20,Lost and Beautiful,2015,https://boxd.it/bN8a
2019-09-20,"Black Coal, Thin Ice",2014,https://boxd.it/7xaw
2019-09-21,Tusk,2014,https://boxd.it/7eoa
2019-09-21,Rembrandt's J'Accuse...!,2008,https://boxd.it/1fT2
2019-09-21,Last Days,2005,https://boxd.it/28lY
2019-09-23,Closeness,2017,https://boxd.it/g7cY
2019-09-23,We All Loved Each Other So Much,1974,https://boxd.it/XjK
2019-09-23,Il signor Diavolo,2019,https://boxd.it/meF6
2019-09-23,Behemoth,2015,https://boxd.it/bQqG
2019-09-24,The Family,1987,https://boxd.it/XY4
2019-09-24,On the Beach at Night Alone,2017,https://boxd.it/fqEK
2019-09-25,Dumbo,1941,https://boxd.it/1U2o
2019-09-25,Alice in Wonderland,1951,https://boxd.it/1Sz6
2019-09-26,Pinocchio,1940,https://boxd.it/1V8C
2019-09-26,Peter Pan,1953,https://boxd.it/1VCC
2019-09-27,Cinderella,1950,https://boxd.it/1Uki
2019-09-27,Mary and Max,2009,https://boxd.it/1y2m
2019-09-27,The Lords of Salem,2012,https://boxd.it/3yDm
2019-09-27,Burning,2018,https://boxd.it/hHUa
2019-09-29,Apocalypse Now,1979,https://boxd.it/6ZS
2019-09-30,The Sword in the Stone,1963,https://boxd.it/1ZdG
2019-09-30,Come and See,1985,https://boxd.it/1w9q
2019-10-01,Young Mr. Lincoln,1939,https://boxd.it/Tsy
2019-10-01,My Darling Clementine,1946,https://boxd.it/25LE
2019-10-02,Odissea nell'ospizio,2019,https://boxd.it/mHx6
2019-10-03,The Rider,2017,https://boxd.it/gazw
2019-10-04,The First King,2019,https://boxd.it/kIA2
2019-10-04,The Assassination of Jesse James by the Coward Robert Ford,2007,https://boxd.it/24dG
2019-10-06,Loro,2018,https://boxd.it/jKqw
2019-10-07,Invisible Life,2019,https://boxd.it/k1JU
2019-10-07,She Wore a Yellow Ribbon,1949,https://boxd.it/1Pa8
2019-10-09,Nimic,2019,https://boxd.it/n10Q
2019-10-09,First Love,2019,https://boxd.it/m0iC
2019-10-10,The Nest,2019,https://boxd.it/m8Tc
2019-10-11,Shaun the Sheep Movie,2015,https://boxd.it/7Pdy
2019-10-11,The Pirates! In an Adventure with Scientists!,2012,https://boxd.it/2p1w
2019-10-11,Berberian Sound Studio,2012,https://boxd.it/3T30
2019-10-12,To Live and Die in L.A.,1985,https://boxd.it/1XFo
2019-10-13,Barry Lyndon,1975,https://boxd.it/25A2
2019-10-14,El Camino: A Breaking Bad Movie,2019,https://boxd.it/kv0q
2019-10-15,Lo and Behold: Reveries of the Connected World,2016,https://boxd.it/cfuo
2019-10-15,They Died with Their Boots On,1941,https://boxd.it/1IKo
2019-10-15,High Sierra,1941,https://boxd.it/1r7k
2019-10-15,Bambi,1942,https://boxd.it/25AQ
2019-10-15,The Jungle Book,1967,https://boxd.it/1YY2
2019-10-15,Wallace & Gromit: The Curse of the Were-Rabbit,2005,https://boxd.it/2ac0
2019-10-16,Visitor Q,2001,https://boxd.it/24DE
2019-10-16,Three… Extremes,2004,https://boxd.it/1eGw
2019-10-16,Sukiyaki Western Django,2007,https://boxd.it/1PKg
2019-10-16,Shangri-La,2002,https://boxd.it/NTo
2019-10-16,Django,1966,https://boxd.it/1Vr0
2019-10-17,Zebraman,2004,https://boxd.it/1b32
2019-10-17,I'm Not There,2007,https://boxd.it/24Ys
2019-10-17,Killing Them Softly,2012,https://boxd.it/IQ
2019-10-17,One Hundred and One Dalmatians,1961,https://boxd.it/1SeC
2019-10-21,"Big Bang Love, Juvenile A",2006,https://boxd.it/1Qqc
2019-10-23,Agitator,2001,https://boxd.it/268S
2019-10-26,Paddington,2014,https://boxd.it/3RKw
2019-10-29,Koyaanisqatsi,1982,https://boxd.it/1U9E
2019-10-30,Paddington 2,2017,https://boxd.it/bCF8
2019-10-30,Team America: World Police,2004,https://boxd.it/24QS
2019-11-04,Ghostbusters,1984,https://boxd.it/g2w
2019-11-05,Life Itself,2014,https://boxd.it/7lqC
2019-11-05,Directed by John Ford,1971,https://boxd.it/3ihO
2019-11-06,The Irishman,2019,https://boxd.it/dYOq
2019-11-08,"South Park: Bigger, Longer & Uncut",1999,https://boxd.it/1YAO
2019-11-09,The Aristocats,1970,https://boxd.it/1X3Y
2019-11-11,Fun Is Beautiful,1980,https://boxd.it/17z4
2019-11-11,The Marquis of Grillo,1981,https://boxd.it/1h5y
2019-11-11,The King of Comedy,1982,https://boxd.it/2aJS
2019-11-13,"Bianco, rosso e Verdone",1981,https://boxd.it/17xM
2019-11-15,Borotalco,1982,https://boxd.it/17yU
2019-11-17,Compagni di scuola,1988,https://boxd.it/o9K
2019-11-18,The Informer,1935,https://boxd.it/Tjc
2019-11-19,The Report,2019,https://boxd.it/j2X2
2019-11-19,The Bears' Famous Invasion of Sicily,2019,https://boxd.it/jAFw
2019-11-19,Young Ahmed,2019,https://boxd.it/iXJa
2019-11-20,The Lodger: A Story of the London Fog,1927,https://boxd.it/26m6
2019-11-21,"I Love You, Daddy",2017,https://boxd.it/gSQm
2019-11-21,Shoah,1985,https://boxd.it/XSK
2019-11-22,Doctor Sleep,2019,https://boxd.it/i5vI
2019-11-23,I Walked with a Zombie,1943,https://boxd.it/1stm
2019-11-23,Jojo Rabbit,2019,https://boxd.it/iEBG
2019-11-24,True History of the Kelly Gang,2019,https://boxd.it/i6pm
2019-11-24,Starfish,2018,https://boxd.it/jNmW
2019-11-24,Synonyms,2019,https://boxd.it/i6De
2019-11-24,Guns Akimbo,2019,https://boxd.it/gkFu
2019-11-24,Blood Quantum,2019,https://boxd.it/lO7s
2019-11-24,The Lodge,2019,https://boxd.it/h2c2
2019-11-24,Creature from the Black Lagoon,1954,https://boxd.it/1UXk
2019-11-25,Vitalina Varela,2019,https://boxd.it/gMWo
2019-11-25,Ordet,1955,https://boxd.it/Jiy
2019-11-26,Thor: Ragnarok,2017,https://boxd.it/8MHi
2019-11-28,The Platform,2019,https://boxd.it/mUm6
2019-11-28,Maudit !,2019,https://boxd.it/odAy
2019-11-29,Onibaba,1964,https://boxd.it/252a
2019-11-29,Greener Grass,2019,https://boxd.it/jYoY
2019-11-29,Queen & Slim,2019,https://boxd.it/jy4y
2019-11-29,Knives Out,2019,https://boxd.it/jWEA
2019-11-30,Space Dogs,2019,https://boxd.it/mMYc
2019-11-30,Heimat Is a Space in Time,2019,https://boxd.it/laPu
2019-11-30,Frances Ferguson,2019,https://boxd.it/lb9E
2019-11-30,A Rainy Day in New York,2019,https://boxd.it/h2z6
2019-11-30,"A White, White Day",2019,https://boxd.it/lZWQ
2019-12-01,Beanpole,2019,https://boxd.it/iK9S
2019-12-01,Chiara Ferragni: Unposted,2019,https://boxd.it/mRQM
2019-12-01,Liberte,2019,https://boxd.it/lXB2
2019-12-03,Parasite,2019,https://boxd.it/hTha
2019-12-03,Ford v Ferrari,2019,https://boxd.it/ce74
2019-12-04,The Souvenir,2019,https://boxd.it/gXU4
2019-12-05,Dolemite Is My Name,2019,https://boxd.it/je6E
2019-12-07,Triple Frontier,2019,https://boxd.it/dZUO
2019-12-08,Rocketman,2019,https://boxd.it/iehK
2019-12-09,La Grande Bouffe,1973,https://boxd.it/1X5q
2019-12-10,It Must Be Heaven,2019,https://boxd.it/jEVe
2019-12-11,The Wild Goose Lake,2019,https://boxd.it/l8bs
2019-12-11,Bacurau,2019,https://boxd.it/fSUG
2019-12-12,Avengers: Infinity War,2018,https://boxd.it/9vEe
2019-12-12,Avengers: Endgame,2019,https://boxd.it/9vE4
2019-12-13,Zombi Child,2019,https://boxd.it/kgkq
2019-12-13,High Flying Bird,2019,https://boxd.it/itka
2019-12-15,Portrait of a Lady on Fire,2019,https://boxd.it/jkPq
2019-12-15,Serpico,1973,https://boxd.it/1ZjE
2019-12-15,Until the Light Takes Us,2008,https://boxd.it/1bho
2019-12-16,Glass,2019,https://boxd.it/g3uO
2019-12-16,Ready or Not,2019,https://boxd.it/kOf0
2019-12-17,Uncut Gems,2019,https://boxd.it/gXGc
2019-12-18,Bliss,2019,https://boxd.it/lAok
2019-12-18,Monos,2019,https://boxd.it/eJGe
2019-12-19,Atlantics,2019,https://boxd.it/hVEK
2019-12-19,Tommaso,2019,https://boxd.it/l8bi
2019-12-21,Isadora's Children,2019,https://boxd.it/lIsO
2019-12-21,The Lighthouse,2019,https://boxd.it/icFU
2019-12-21,Il sindaco del Rione Sanità,2019,https://boxd.it/msD4
2019-12-22,Pinocchio,2019,https://boxd.it/ezZ6
2019-12-22,Bonnie and Clyde,1967,https://boxd.it/2ajg
2019-12-23,To Be or Not to Be,1942,https://boxd.it/2aTy
2019-12-25,Indiana Jones and the Last Crusade,1989,https://boxd.it/2baO
2019-12-26,Pom Poko,1994,https://boxd.it/1Mvi
2019-12-26,Klaus,2019,https://boxd.it/ipoi
2019-12-29,The Tale of the Princess Kaguya,2013,https://boxd.it/4JQI
2019-12-30,Star Wars: The Last Jedi,2017,https://boxd.it/5xme
2020-01-02,Wings of Desire,1987,https://boxd.it/2b26
2020-01-04,The Leopard,1963,https://boxd.it/296K
2020-01-04,The Woman,2011,https://boxd.it/3dG
2020-01-12,Honeymooners,1995,https://boxd.it/ocO
2020-01-15,The Ghost and Mrs. Muir,1947,https://boxd.it/1ANk
2020-01-19,Little Women,2019,https://boxd.it/aSVk
2020-01-23,The Ballad of Buster Scruggs,2018,https://boxd.it/jB2q
2020-02-02,Spirited Away,2001,https://boxd.it/2b4m
2020-02-02,"Mektoub, My Love: Canto Uno",2017,https://boxd.it/bdhK
2020-02-03,The Pillow Book,1996,https://boxd.it/1tW0
2020-02-04,Lupin the Third: The Castle of Cagliostro,1979,https://boxd.it/1Mn4
2020-02-05,Honey Boy,2019,https://boxd.it/ixvm
2020-02-06,Nausicaä of the Valley of the Wind,1984,https://boxd.it/2bc6
2020-02-07,My Neighbor Totoro,1988,https://boxd.it/20eA
2020-02-08,1917,2019,https://boxd.it/jj4y
2020-02-08,Hammamet,2020,https://boxd.it/lKqA
2020-02-08,Meeting Gorbachev,2018,https://boxd.it/jK7u
2020-02-09,The Adventures of Baron Munchausen,1988,https://boxd.it/1NXs
2020-02-11,Howl's Moving Castle,2004,https://boxd.it/23De
2020-02-12,The Meyerowitz Stories (New and Selected),2017,https://boxd.it/dSp0
2020-02-12,A Serious Man,2009,https://boxd.it/1RFW
2020-02-13,Richard Jewell,2019,https://boxd.it/99Mg
2020-02-16,Fargo,1996,https://boxd.it/2aHM
2020-02-18,The Enigma of Kaspar Hauser,1974,https://boxd.it/1Tba
2020-02-19,I Hate Summer,2020,https://boxd.it/mpWM
2020-02-20,V.H.S.,,https://boxd.it/p8oE
2020-02-21,Vice,2018,https://boxd.it/fcFY
2020-02-21,Alice and the Mayor,2019,https://boxd.it/lOGC
2020-02-21,Madadayo,1993,https://boxd.it/1Pcy
2020-02-22,THX 1138,1971,https://boxd.it/29Ww
2020-02-23,The Man Who Shot Liberty Valance,1962,https://boxd.it/1Tdg
2020-02-23,Goltzius & the Pelican Company,2012,https://boxd.it/4tXy
2020-02-24,CURRENT,,https://boxd.it/pdq6
2020-02-26,A Perfect World,1993,https://boxd.it/1Yng
2020-02-26,Heaven's Gate,1980,https://boxd.it/1V2k
2020-03-02,All About My Mother,1999,https://boxd.it/2b9c
2020-03-04,Kiki's Delivery Service,1989,https://boxd.it/1JAY
2020-03-05,Princess Mononoke,1997,https://boxd.it/2b4w
2020-03-09,The Mystery of Picasso,1956,https://boxd.it/2pZQ
2020-03-09,Cool Cat Saves the Kids,2015,https://boxd.it/aCaW
2020-03-10,The Searchers,1956,https://boxd.it/25HC
2020-03-11,In the Mood for Love,2000,https://boxd.it/29tE
2020-03-11,Fateful Findings,2013,https://boxd.it/5X3C
2020-03-12,The Fanatic,2019,https://boxd.it/irGI
2020-03-13,Memories of Murder,2003,https://boxd.it/1TSo
2020-03-14,The Man Who Would Be King,1975,https://boxd.it/299O
2020-03-15,Giorni,2020,https://boxd.it/pu0Y
2020-03-16,Ponyo,2008,https://boxd.it/1S0A
2020-03-16,How Green Was My Valley,1941,https://boxd.it/UV2
2020-03-20,La Flor,2018,https://boxd.it/eZCs
2020-03-21,My Winnipeg,2007,https://boxd.it/1Qz4
2020-03-21,The Hunt,2020,https://boxd.it/iE9i
2020-03-22,Tokyo Tribe,2014,https://boxd.it/74PU
2020-03-23,"Like Father, Like Son",2013,https://boxd.it/5rQs
2020-03-24,The Invisible Man,2020,https://boxd.it/kWlA
2020-03-25,Onward,2020,https://boxd.it/io92
2020-03-26,Hope and Glory,1987,https://boxd.it/1hPQ
2020-03-27,Death by Hanging,1968,https://boxd.it/3nPm
2020-03-28,The Fisher King,1991,https://boxd.it/2aWM
2020-03-29,The Room,1992,https://boxd.it/37Z6
2020-03-30,The World,2004,https://boxd.it/ZJg
2020-03-31,Poison,1991,https://boxd.it/Khm
2020-04-01,Leo the Lion,2005,https://boxd.it/3GPU
2020-04-03,Adam's Rib,1949,https://boxd.it/1vQy
2020-04-04,Satantango,1994,https://boxd.it/1j9M
2020-04-04,Twisted Pair,2018,https://boxd.it/hRwW
2020-04-05,Singin' in the Rain,1952,https://boxd.it/29oY
2020-04-05,Sonic the Hedgehog,2020,https://boxd.it/gdK8
2020-04-06,Cube,1997,https://boxd.it/2aoU
2020-04-06,Southland Tales,2006,https://boxd.it/23Uu
2020-04-07,The Maltese Falcon,1941,https://boxd.it/29c4
2020-04-08,Fear,1954,https://boxd.it/3lmi
2020-04-10,Li'l Quinquin,2014,https://boxd.it/agCa
2020-04-11,Reconstruction,1970,https://boxd.it/32nc
2020-04-11,The Quiet Man,1952,https://boxd.it/25Iq
2020-04-12,Q,1982,https://boxd.it/1r7a
2020-04-12,A Letter to Three Wives,1949,https://boxd.it/Pc2
2020-04-12,All About Eve,1950,https://boxd.it/29LI
2020-04-12,Gentlemen Prefer Blondes,1953,https://boxd.it/29Hc
2020-04-13,The Island,2006,https://boxd.it/1AHc
2020-04-13,Sleuth,1972,https://boxd.it/298c
2020-04-14,The Treasure of the Sierra Madre,1948,https://boxd.it/25Lk
2020-04-15,Godzilla,1954,https://boxd.it/28kc
2020-04-15,Ballad of a Soldier,1959,https://boxd.it/MPq
2020-04-16,CoinCoin and the Extra-Humans,2018,https://boxd.it/x4tG
2020-04-16,Godzilla Raids Again,1955,https://boxd.it/28k2
2020-04-17,King Kong vs. Godzilla,1962,https://boxd.it/28jS
2020-04-17,The Silence of the Sea,1949,https://boxd.it/11g6
2020-04-18,Mothra vs. Godzilla,1964,https://boxd.it/28jy
2020-04-18,House,1977,https://boxd.it/1vsm
2020-04-19,The Asphalt Jungle,1950,https://boxd.it/1Jrs
2020-04-19,Medium Cool,1969,https://boxd.it/WsQ
2020-04-20,Catchfire,1990,https://boxd.it/1goa
2020-04-21,Bad Trip,2021,https://boxd.it/lgRG
2020-04-21,Walkabout,1971,https://boxd.it/1bsG
2020-04-22,"Suddenly, Last Summer",1959,https://boxd.it/1NyC
2020-04-22,"Live Like a Cop, Die Like a Man",1976,https://boxd.it/2GS8
2020-04-23,Fat City,1972,https://boxd.it/1JnU
2020-04-24,The Big Sleep,1946,https://boxd.it/29iQ
2020-04-24,Possessor,2020,https://boxd.it/fsJW
2020-04-24,Serial Rapist,1978,https://boxd.it/3A8U
2020-04-24,Visit,2020,https://boxd.it/q0sA
2020-04-25,Dodes'ka-den,1970,https://boxd.it/1fVs
2020-04-26,A Star Is Born,1954,https://boxd.it/25I6
2020-04-26,Invasion of Astro-Monster,1965,https://boxd.it/1EXe
2020-04-27,"Ebirah, Horror of the Deep",1966,https://boxd.it/25Hs
2020-04-27,Days of Eclipse,1988,https://boxd.it/OtG
2020-04-28,Son of Godzilla,1967,https://boxd.it/1GAQ
2020-04-28,Aliens,2017,https://boxd.it/gJVC
2020-04-28,Beastie Boys Story,2020,https://boxd.it/oIW6
2020-04-28,Megacities,1998,https://boxd.it/2bak
2020-04-29,Destroy All Monsters,1968,https://boxd.it/25IK
2020-04-29,5 Fingers,1952,https://boxd.it/iTM
2020-04-30,King: A Filmed Record... Montgomery to Memphis,1970,https://boxd.it/4IUk
2020-05-01,Beauty and the Beast,1946,https://boxd.it/29UA
2020-05-02,Charade,1963,https://boxd.it/23O2
2020-05-03,Reds,1981,https://boxd.it/1Hhq
2020-05-03,Milk,2008,https://boxd.it/1WZC
2020-05-04,Prizzi's Honor,1985,https://boxd.it/27v4
2020-05-04,Shadows,1959,https://boxd.it/1M9c
2020-05-05,Paranoid Park,2007,https://boxd.it/27GQ
2020-05-05,Dick Tracy,1990,https://boxd.it/201w
2020-05-06,Too Late Blues,1961,https://boxd.it/2BQ2
2020-05-07,The Mist,2007,https://boxd.it/22r2
2020-05-07,A Child Is Waiting,1963,https://boxd.it/38WC
2020-05-08,Faces,1968,https://boxd.it/29Ia
2020-05-09,The Barefoot Contessa,1954,https://boxd.it/1dsy
2020-05-09,Godzilla vs. Hedorah,1971,https://boxd.it/13C4
2020-05-10,The Blood of a Poet,1932,https://boxd.it/19Bw
2020-05-10,Orpheus,1950,https://boxd.it/247o
2020-05-10,Fires Were Started,1943,https://boxd.it/2YVO
2020-05-11,The Night of the Hunter,1955,https://boxd.it/25HW
2020-05-11,Le Pont du Nord,1981,https://boxd.it/hXI
2020-05-12,Testament of Orpheus,1960,https://boxd.it/19Bm
2020-05-12,"Help Me, Eros",2007,https://boxd.it/uyG
2020-05-13,Paradise Hills,2019,https://boxd.it/hwMO
2020-05-14,"Muriel, or the Time of Return",1963,https://boxd.it/tZ2
2020-05-14,Bad Tales,2020,https://boxd.it/mI9k
2020-05-15,Husbands,1970,https://boxd.it/zOY
2020-05-16,Earth,1930,https://boxd.it/MP6
2020-05-16,Scarface,1932,https://boxd.it/29oa
2020-05-16,Wise Blood,1979,https://boxd.it/Xxs
2020-05-17,The African Queen,1951,https://boxd.it/2ai8
2020-05-18,Capone,2020,https://boxd.it/fdAU
2020-05-18,Attention! Bandits!,1951,https://boxd.it/2AuE
2020-05-19,The Philadelphia Story,1940,https://boxd.it/29a8
2020-05-20,Minnie and Moskowitz,1971,https://boxd.it/1xPi
2020-05-21,Fire,2015,https://boxd.it/kJv8
2020-05-21,Hole in the Sky,2001,https://boxd.it/2Rvk
2020-05-22,Trouble Every Day,2001,https://boxd.it/115M
2020-05-23,The Night of the Iguana,1964,https://boxd.it/1Nys
2020-05-24,if....,1968,https://boxd.it/1Nna
2020-05-24,The Howling,1981,https://boxd.it/1Uce
2020-05-24,Balnearios,2002,https://boxd.it/7xM6
2020-05-26,Tenet,2020,https://boxd.it/leq4
2020-05-26,The Misfits,1961,https://boxd.it/1TCg
2020-05-27,The Forty-First,1956,https://boxd.it/MrS
2020-05-28,The Ceremony,1971,https://boxd.it/3hWQ
2020-05-29,Amour,2012,https://boxd.it/34Q6
2020-05-29,Selfie,2019,https://boxd.it/l5fG
2020-05-30,Bad Timing,1980,https://boxd.it/1fUE
2020-05-30,Lullaby of the Earth,1976,https://boxd.it/4dUI
2020-05-31,Quo Vadis?,1913,https://boxd.it/3Or2
2020-05-31,Antoine and Colette,1962,https://boxd.it/2aKQ
2020-05-31,A Woman Under the Influence,1974,https://boxd.it/1myg
2020-06-01,The Dead,1987,https://boxd.it/13vC
2020-06-02,The Killing of a Chinese Bookie,1976,https://boxd.it/1hS6
2020-06-03,The Shining,1980,https://boxd.it/29Nu
2020-06-08,Cosmos,2015,https://boxd.it/abCE
2020-06-10,Chiav,2016,https://boxd.it/qJwC
2020-06-10,Fest,2017,https://boxd.it/qJnU
2020-06-26,Da 5 Bloods,2020,https://boxd.it/lnXw
2020-06-26,Annihilation,2018,https://boxd.it/9yzm
2020-06-26,Rumble Fish,1983,https://boxd.it/2aOI
2020-06-26,Making The Shining,1980,https://boxd.it/1G9A
2020-06-26,Happiness,1998,https://boxd.it/1VEe
2020-06-27,I Am a Fugitive from a Chain Gang,1932,https://boxd.it/1mNg
2020-06-27,Odd Man Out,1947,https://boxd.it/Uq4
2020-06-28,Jour de fête,1949,https://boxd.it/243Q
2020-06-28,The King of Staten Island,2020,https://boxd.it/litG
2020-06-29,Om Dar-B-Dar,1988,https://boxd.it/784I
2020-06-29,Eurovision Song Contest: The Story of Fire Saga,2020,https://boxd.it/jkMG
2020-06-29,Popstar: Never Stop Never Stopping,2016,https://boxd.it/blDa
2020-06-30,Cléo from 5 to 7,1962,https://boxd.it/2agm
2020-07-01,Women Reply,1975,https://boxd.it/5Eie
2020-07-03,Dark Passage,1947,https://boxd.it/1Ky0
2020-07-07,That Most Important Thing: Love,1975,https://boxd.it/25mk
2020-07-08,Opening Night,1977,https://boxd.it/1f4e
2020-07-09,The New Pope,2020,https://boxd.it/oWDC
2020-07-09,Hamilton,2020,https://boxd.it/kmvE
2020-07-10,They Were Expendable,1945,https://boxd.it/1GlQ
2020-07-10,The Way Back,2020,https://boxd.it/jfoO
2020-07-11,Mute,2018,https://boxd.it/e6nW
2020-07-12,Only Angels Have Wings,1939,https://boxd.it/Ttw
2020-07-12,Titicut Follies,1967,https://boxd.it/ZVc
2020-07-13,This Sporting Life,1963,https://boxd.it/1Glw
2020-07-13,Possession,1981,https://boxd.it/1BPm
2020-07-14,First Cow,2019,https://boxd.it/krga
2020-07-15,PlayTime,1967,https://boxd.it/1WLK
2020-07-15,Relic,2020,https://boxd.it/jEwS
2020-07-17,Gloria,1980,https://boxd.it/gYg
2020-07-18,High School,1968,https://boxd.it/gkK
2020-07-18,Wagon Master,1950,https://boxd.it/18wU
2020-07-18,Gimme Danger,2016,https://boxd.it/dJqS
2020-07-18,O Lucky Man!,1973,https://boxd.it/WQe
2020-07-18,Law and Order,1969,https://boxd.it/3Ow2
2020-07-19,Air Force,1943,https://boxd.it/1Lu4
2020-07-20,Pandora and the Flying Dutchman,1951,https://boxd.it/15qY
2020-07-20,The Public Woman,1984,https://boxd.it/2tAU
2020-07-20,Caravaggio,1986,https://boxd.it/1DjC
2020-07-20,The Queen Is Dead,1986,https://boxd.it/40OC
2020-07-21,A Streetcar Named Desire,1951,https://boxd.it/29Mc
2020-07-21,Dragonwyck,1946,https://boxd.it/1ub0
2020-07-21,The Last Movie,1971,https://boxd.it/FFe
2020-07-22,Out of the Blue,1980,https://boxd.it/1456
2020-07-23,Investigation of a Citizen Above Suspicion,1970,https://boxd.it/1tRY
2020-07-23,Devil in the Flesh,1947,https://boxd.it/67G
2020-07-24,Welfare,1975,https://boxd.it/3bqY
2020-07-24,Trash Humpers,2009,https://boxd.it/Mki
2020-07-24,Julien Donkey-Boy,1999,https://boxd.it/VNI
2020-07-25,Monsieur Hulot's Holiday,1953,https://boxd.it/29E8
2020-07-27,Trafic,1971,https://boxd.it/1TZu
2020-07-27,Love Streams,1984,https://boxd.it/zOk
2020-08-03,The Illusionist,2010,https://boxd.it/ZWY
2020-08-03,Port of Shadows,1938,https://boxd.it/Nr0
2020-08-04,Hospital,1970,https://boxd.it/3OKS
2020-08-04,The Devil,1972,https://boxd.it/3iRC
2020-08-05,Boudu Saved from Drowning,1932,https://boxd.it/IDg
2020-08-05,Palm Springs,2020,https://boxd.it/lCXQ
2020-08-06,Grizzly Man,2005,https://boxd.it/2ag2
2020-08-06,Citizens of the World,2019,https://boxd.it/mGfq
2020-08-06,Conviction,2018,https://boxd.it/hyvA
2020-08-07,Somewhere in the Night,1946,https://boxd.it/1Eey
2020-08-08,Britannia Hospital,1982,https://boxd.it/1ttM
2020-08-09,A Day in the Country,1946,https://boxd.it/Tm6
2020-08-09,Four Bags Full,1956,https://boxd.it/1Fx2
2020-08-10,Hatari!,1962,https://boxd.it/1TYm
2020-08-12,Blue,1993,https://boxd.it/3iyA
2020-08-12,High Life,2018,https://boxd.it/d6bk
2020-08-12,The Rules of the Game,1939,https://boxd.it/29Es
2020-08-13,A Tree Grows in Brooklyn,1945,https://boxd.it/1lOi
2020-08-13,Big Trouble,1986,https://boxd.it/2HOc
2020-08-15,A Constant Forge,2000,https://boxd.it/1Rk
2020-08-15,Miraculous Spiral,2016,https://boxd.it/enHk
2020-08-17,Cure,1997,https://boxd.it/1blA
2020-08-17,Children of Heaven,1997,https://boxd.it/1C5k
2020-08-18,Rubber,2010,https://boxd.it/P2m
2020-08-19,Children of Paradise,1945,https://boxd.it/26H4
2020-08-19,Pulse,2001,https://boxd.it/1s3y
2020-08-20,Splendor in the Grass,1961,https://boxd.it/1pig
2020-08-21,Dark Matter,2013,https://boxd.it/8hIu
2020-08-21,Jupiter's Moon,2017,https://boxd.it/fOpk
2020-08-22,White God,2014,https://boxd.it/81lO
2020-08-23,2001: A Space Odyssey,1968,https://boxd.it/2bf0
2020-08-24,Butch Cassidy and the Sundance Kid,1969,https://boxd.it/29Vy
2020-08-24,A Simple Life,2011,https://boxd.it/3cl6
2020-08-25,The Whales of August,1987,https://boxd.it/F7Q
2020-08-26,Gretel & Hansel,2020,https://boxd.it/jLOk
2020-08-26,Tokyo Sonata,2008,https://boxd.it/1ZxQ
2020-08-27,Toni,1935,https://boxd.it/Aby
2020-08-28,The Thief and the Cobbler,1993,https://boxd.it/1tpq
2020-08-29,Blue Jasmine,2013,https://boxd.it/50MI
2020-08-29,The Lego Movie,2014,https://boxd.it/4pDO
2020-08-29,The Late George Apley,1947,https://boxd.it/5x32
2020-08-30,Hidden Away,2020,https://boxd.it/msDe
2020-08-31,On the Waterfront,1954,https://boxd.it/29TC
2020-09-01,A Clockwork Orange,1971,https://boxd.it/2aVE
2020-09-02,Siberia,2020,https://boxd.it/fTZi
2020-09-03,Honey Cigar,2020,https://boxd.it/oCJq
2020-09-03,Night in Paradise,2020,https://boxd.it/moeE
2020-09-03,The Human Voice,2020,https://boxd.it/p148
2020-09-03,"Quo vadis, Aida?",2020,https://boxd.it/riws
2020-09-03,Lovers,2020,https://boxd.it/lUv6
2020-09-04,The Book of Vision,2020,https://boxd.it/hZo2
2020-09-04,Apples,2020,https://boxd.it/ofco
2020-09-04,The Disciple,2020,https://boxd.it/riwi
2020-09-04,Our Father,2020,https://boxd.it/oW14
2020-09-05,Milestone,2020,https://boxd.it/riyo
2020-09-05,Pieces of a Woman,2020,https://boxd.it/nOrQ
2020-09-05,Miss Marx,2020,https://boxd.it/qJn6
2020-09-06,Sportin' Life,2020,https://boxd.it/rivu
2020-09-06,Mainstream,2020,https://boxd.it/kpDc
2020-09-06,Sun Children,2020,https://boxd.it/oYB4
2020-09-06,Mandibles,2020,https://boxd.it/nHDK
2020-09-06,The World to Come,2020,https://boxd.it/iiuI
2020-09-07,Salvatore: Shoemaker of Dreams,2020,https://boxd.it/l3Vg
2020-09-07,"Fiori, Fiori, Fiori!",2020,https://boxd.it/rrW0
2020-09-07,Never Gonna Snow Again,2020,https://boxd.it/rdSI
2020-09-07,Assandira,2020,https://boxd.it/rfTe
2020-09-07,Dear Comrades!,2020,https://boxd.it/lCs4
2020-09-08,Omelia Contadina,2020,https://boxd.it/riy4
2020-09-08,War and Peace,2020,https://boxd.it/riyS
2020-09-08,Hopper/Welles,2020,https://boxd.it/rixK
2020-09-08,Laila in Haifa,2020,https://boxd.it/rivY
2020-09-08,One Night in Miami...,2020,https://boxd.it/oCUo
2020-09-08,Notturno,2020,https://boxd.it/jEUU
2020-09-09,Careless Crime,2020,https://boxd.it/nUAu
2020-09-09,Wife of a Spy,2020,https://boxd.it/pHCc
2020-09-09,The Macaluso Sisters,2020,https://boxd.it/mpky
2020-09-10,City Hall,2020,https://boxd.it/rdGM
2020-09-10,Samp,2020,https://boxd.it/rfEI
2020-09-11,New Order,2020,https://boxd.it/l8cg
2020-09-11,And Tomorrow the Entire World,2020,https://boxd.it/riw8
2020-09-11,In Between Dying,2020,https://boxd.it/rivO
2020-09-11,Nomadland,2020,https://boxd.it/lnRy
2020-09-12,Genus Pan,2020,https://boxd.it/rizG
2020-09-12,Saint-Narcisse,2020,https://boxd.it/mt8m
2020-09-13,The Predators,2020,https://boxd.it/n7H2
2020-09-15,I'm Thinking of Ending Things,2020,https://boxd.it/i4IQ
2020-09-16,Inherent Venice,2020,https://boxd.it/rT9q
2020-09-16,La Chienne,1931,https://boxd.it/1tx0
2020-09-16,The Wasteland,2020,https://boxd.it/rizw
2020-09-17,Panic in the Streets,1950,https://boxd.it/1hMi
2020-09-18,Rosemary's Baby,1968,https://boxd.it/29zM
2020-09-18,Chinatown,1974,https://boxd.it/29vU
2020-09-18,Bad Lieutenant,1992,https://boxd.it/1Src
2020-09-18,The Devil All the Time,2020,https://boxd.it/i2tY
2020-09-19,The Third Part of the Night,1971,https://boxd.it/Miw
2020-09-19,Juvenile Court,1973,https://boxd.it/3OKo
2020-09-20,Just Don't Think I'll Scream,2019,https://boxd.it/lcNg
2020-09-20,The Crime of Monsieur Lange,1936,https://boxd.it/yo6
2020-09-21,Yellow Cat,2020,https://boxd.it/rizm
2020-09-21,The House of Love,2020,https://boxd.it/oLCe
2020-09-21,Divinely Evil,2020,https://boxd.it/oLEO
2020-09-22,The Driller Killer,1979,https://boxd.it/1PV4
2020-09-23,Scarface,1983,https://boxd.it/2b7g
2020-09-23,Mission: Impossible,1996,https://boxd.it/29d2
2020-09-23,The Untouchables,1987,https://boxd.it/2b6i
2020-09-23,Carlito's Way,1993,https://boxd.it/226e
2020-09-23,America America,1963,https://boxd.it/LbE
2020-09-24,Phoenix,2014,https://boxd.it/7u46
2020-09-25,Deaf,1986,https://boxd.it/3ORu
2020-09-26,Grand Illusion,1937,https://boxd.it/29Ei
2020-09-26,The Lower Depths,1936,https://boxd.it/OFs
2020-09-30,Extraordinary Stories,2008,https://boxd.it/3JF4
2020-10-01,Fear City,1984,https://boxd.it/1Gv2
2020-10-02,The Addiction,1995,https://boxd.it/1cZQ
2020-10-02,Ms .45,1981,https://boxd.it/1AWG
2020-10-03,East of Eden,1955,https://boxd.it/2aQE
2020-10-03,Escape,1948,https://boxd.it/YZ8
2020-10-04,Only Yesterday,1991,https://boxd.it/1MR4
2020-10-04,Primate,1974,https://boxd.it/3OT6
2020-10-05,Le Jour Se Lève,1939,https://boxd.it/1sD2
2020-10-05,Wittgenstein,1993,https://boxd.it/jeK
2020-10-06,The Pianist,2002,https://boxd.it/2aqc
2020-10-06,Oliver Twist,2005,https://boxd.it/2aKG
2020-10-06,The Gates of Paris,1957,https://boxd.it/2fwa
2020-10-07,China Girl,1987,https://boxd.it/Lhi
2020-10-08,The Old Dark House,1932,https://boxd.it/1iL6
2020-10-08,Hubie Halloween,2020,https://boxd.it/mQwm
2020-10-09,The River,1951,https://boxd.it/Q3K
2020-10-10,Canal Zone,1977,https://boxd.it/3ORO
2020-10-11,The Young and the Damned,1950,https://boxd.it/29AA
2020-10-11,Un Chien Andalou,1929,https://boxd.it/29Y8
2020-10-11,L'Âge d'Or,1930,https://boxd.it/22FI
2020-10-11,Good Will Hunting,1997,https://boxd.it/2ahY
2020-10-11,Gerry,2002,https://boxd.it/27LG
2020-10-11,Mother and Son,2019,https://boxd.it/o2DG
2020-10-12,Aprile,1998,https://boxd.it/1hH8
2020-10-12,Ecce Bombo,1978,https://boxd.it/IQk
2020-10-12,I Am Self-Sufficient,1976,https://boxd.it/uAM
2020-10-12,The Mass Is Over,1985,https://boxd.it/fjQ
2020-10-15,Nocturne,2020,https://boxd.it/nTaK
2020-10-16,Neon Genesis Evangelion,1995,https://boxd.it/ptEI
2020-10-17,Neon Genesis Evangelion: The End of Evangelion,1997,https://boxd.it/1GRM
2020-10-18,Pather Panchali,1955,https://boxd.it/22yC
2020-10-19,Aparajito,1956,https://boxd.it/29kW
2020-10-20,The World of Apu,1959,https://boxd.it/29l6
2020-10-21,Le Eumenidi,2020,https://boxd.it/skrQ
2020-10-21,Shithouse,2020,https://boxd.it/nCFc
2020-10-22,Fight Club,1999,https://boxd.it/2a9q
2020-10-22,Se7en,1995,https://boxd.it/29zs
2020-10-22,The Social Network,2010,https://boxd.it/17ue
2020-10-22,Zodiac,2007,https://boxd.it/27MO
2020-10-22,Stop Making Sense,1984,https://boxd.it/1ygo
2020-10-22,King of New York,1990,https://boxd.it/1Ynq
2020-10-23,David Byrne's American Utopia,2020,https://boxd.it/oUAG
2020-10-24,Fireball: Visitors From Darker Worlds,2020,https://boxd.it/l5iA
2020-10-24,On the Rocks,2020,https://boxd.it/l8aY
2020-10-25,The Trial of the Chicago 7,2020,https://boxd.it/kn3w
2020-10-25,Showgirls,1995,https://boxd.it/1Vmk
2020-10-26,Basic Training,1971,https://boxd.it/3OL2
2020-10-27,My Neighbors the Yamadas,1999,https://boxd.it/1KC2
2020-10-27,Mad Love,1985,https://boxd.it/3oGA
2020-10-28,Boomerang!,1947,https://boxd.it/1G2k
2020-10-28,Famo$o,2020,https://boxd.it/smmS
2020-10-29,The SuperVips,1968,https://boxd.it/WBo
2020-10-30,Body Snatchers,1993,https://boxd.it/23UE
2020-11-01,Ringu,1998,https://boxd.it/26tw
2020-11-01,Antfarm Dickhole,2011,https://boxd.it/39yw
2020-11-02,West and Soda,1965,https://boxd.it/xo0
2020-11-02,Cobra Verde,1987,https://boxd.it/1TFY
2020-11-03,On the Silver Globe,1988,https://boxd.it/1sAM
2020-11-05,La Marseillaise,1938,https://boxd.it/Trq
2020-11-07,Essene,1972,https://boxd.it/3OKI
2020-11-08,DAU. Natasha,2020,https://boxd.it/oS1E
2020-11-09,We Are Who We Are,2020,https://boxd.it/n6GW
2020-11-09,The SpongeBob Movie: Sponge on the Run,2020,https://boxd.it/e1Ac
2020-11-09,The SpongeBob SquarePants Movie,2004,https://boxd.it/1SYq
2020-11-10,Häxan,1922,https://boxd.it/n4O
2020-11-10,Anna,1975,https://boxd.it/3o00
2020-11-11,Allegro Non Troppo,1976,https://boxd.it/1Ao0
2020-11-11,The External World,2010,https://boxd.it/383s
2020-11-12,Reality,2012,https://boxd.it/3wMm
2020-11-12,Dangerous Game,1993,https://boxd.it/Goo
2020-11-13,The Legend of Kaspar Hauser,2012,https://boxd.it/45iQ
2020-11-16,Once Upon a Time in China,1991,https://boxd.it/1VOy
2020-11-17,DAU. Degeneration,2020,https://boxd.it/oRZo
2020-11-18,My Nights Are More Beautiful Than Your Days,1989,https://boxd.it/2we8
2020-11-19,Allied,2016,https://boxd.it/cP42
2020-11-19,My Name Is Francesco Totti,2020,https://boxd.it/mkV0
2020-11-19,La Bête Humaine,1938,https://boxd.it/1nxI
2020-11-20,Gentleman's Agreement,1947,https://boxd.it/1f3U
2020-11-20,Quick Billy,1971,https://boxd.it/5gOq
2020-11-21,Star 80,1983,https://boxd.it/1kKu
2020-11-22,The Wolf of Snow Hollow,2020,https://boxd.it/oeu2
2020-11-22,Viy,1967,https://boxd.it/nd2
2020-11-22,The New Mutants,2020,https://boxd.it/bjle
2020-11-24,DAU. Nora Mother,2020,https://boxd.it/pUpK
2020-11-28,A Face in the Crowd,1957,https://boxd.it/2lyc
2020-11-29,Moon,2009,https://boxd.it/1IGQ
2020-11-29,DAU. Three Days,2020,https://boxd.it/pUqe
2020-11-30,Don't Be Bad,2015,https://boxd.it/caKQ
2020-11-30,Boris Godounov,1989,https://boxd.it/3pXs
2020-12-01,Viva Zapata!,1952,https://boxd.it/286O
2020-12-01,The Funeral,1996,https://boxd.it/1BC8
2020-12-02,Sexy Beast,2000,https://boxd.it/1SZS
2020-12-03,The Nightmare,2015,https://boxd.it/bCEk
2020-12-04,Burn!,1969,https://boxd.it/Ws2
2020-12-05,Baby Doll,1956,https://boxd.it/11Hc
2020-12-05,Mank,2020,https://boxd.it/mIuC
2020-12-07,The Great Escape,1963,https://boxd.it/22kA
2020-12-07,Black Bear,2020,https://boxd.it/n8ru
2020-12-08,Zappa,2020,https://boxd.it/bSSs
2020-12-08,Meat,1976,https://boxd.it/3OTK
2020-12-09,F for Fake,1973,https://boxd.it/VxA
2020-12-10,My Lucky Stars,1985,https://boxd.it/1Xe8
2020-12-11,Jubilee,1978,https://boxd.it/Zp6
2020-12-12,Malmkrog,2020,https://boxd.it/l8cA
2020-12-14,Once Upon a Time in China II,1992,https://boxd.it/1VOo
2020-12-16,Wolfwalkers,2020,https://boxd.it/fGrC
2020-12-16,Song of the Sea,2014,https://boxd.it/3Ic6
2020-12-17,Rose Island,2020,https://boxd.it/nBlq
2020-12-18,Another Round,2020,https://boxd.it/lkba
2020-12-18,Let Them All Talk,2020,https://boxd.it/n6sq
2020-12-19,The Blue Note,1991,https://boxd.it/3loy
2020-12-20,DAU. Brave People,2020,https://boxd.it/pUpq
2020-12-21,Wild River,1960,https://boxd.it/2SSu
2020-12-21,The Blackout,1997,https://boxd.it/1vjk
2020-12-22,The Woman Who Ran,2020,https://boxd.it/oEEi
2020-12-23,Illusion,2020,https://boxd.it/rT5e
2020-12-23,Lovers Rock,2020,https://boxd.it/qEAk
2020-12-23,House of Strangers,1949,https://boxd.it/1Eee
2020-12-24,Mangrove,2020,https://boxd.it/qEAa
2020-12-24,The Midnight Sky,2020,https://boxd.it/mK6C
2020-12-25,DuckTales: The Movie - Treasure of the Lost Lamp,1990,https://boxd.it/1VgQ
2020-12-25,Tokyo Godfathers,2003,https://boxd.it/1Qg2
2020-12-26,Soul,2020,https://boxd.it/ioLA
2020-12-26,Inside Out,2015,https://boxd.it/4KHC
2020-12-26,Up,2009,https://boxd.it/1OEc
2020-12-26,The Metamorphosis of Birds,2020,https://boxd.it/oJsw
2020-12-27,"Red, White and Blue",2020,https://boxd.it/siQE
2020-12-27,The Salt of Tears,2020,https://boxd.it/l59o
2020-12-28,Szamanka,1996,https://boxd.it/2Q14
2020-12-29,DAU. String Theory,2020,https://boxd.it/pUKS
2020-12-30,A Hidden Life,2019,https://boxd.it/eb1Q
2021-01-02,The Triplets of Belleville,2003,https://boxd.it/1Y6Y
2021-01-02,Foxcatcher,2014,https://boxd.it/35Di
2021-01-02,The Southerner,1945,https://boxd.it/Q3A
2021-01-03,The Arrangement,1969,https://boxd.it/I38
2021-01-03,DAU. Nikita Tanya,2020,https://boxd.it/pUOK
2021-01-04,Redacted,2007,https://boxd.it/1Tsg
2021-01-04,Fidelity,2000,https://boxd.it/EIQ
2021-01-05,Knife in the Water,1962,https://boxd.it/1THK
2021-01-06,The Visitors,1972,https://boxd.it/3uWu
2021-01-06,Poetical Refugee,2000,https://boxd.it/2oim
2021-01-07,The Last Tycoon,1976,https://boxd.it/17xW
2021-01-09,Japón,2002,https://boxd.it/1b4Y
2021-01-09,DAU. Katya Tanya,2020,https://boxd.it/pUzA
2021-01-11,The Last of England,1987,https://boxd.it/Y4c
2021-01-11,Battle in Heaven,2005,https://boxd.it/1IVw
2021-01-13,The Gold Rush,1925,https://boxd.it/29ce
2021-01-13,The General,1926,https://boxd.it/29co
2021-01-13,Trouble in Paradise,1932,https://boxd.it/2aU2
2021-01-13,Minari,2020,https://boxd.it/mL9M
2021-01-13,Yojimbo,1961,https://boxd.it/1SRY
2021-01-14,The Muppets,2011,https://boxd.it/1zg
2021-01-15,Silent Light,2007,https://boxd.it/27Ds
2021-01-15,Dog Day Afternoon,1975,https://boxd.it/29bg
2021-01-15,12 Angry Men,1957,https://boxd.it/2auI
2021-01-15,Find Me Guilty,2006,https://boxd.it/1Xsa
2021-01-15,Before the Devil Knows You're Dead,2007,https://boxd.it/20Jy
2021-01-15,New Rose Hotel,1998,https://boxd.it/1BVY
2021-01-16,Badlands,1973,https://boxd.it/25Fm
2021-01-16,Scream of Stone,1991,https://boxd.it/38qG
2021-01-17,Pusher,1996,https://boxd.it/27wG
2021-01-18,Bleeder,1999,https://boxd.it/1HKs
2021-01-19,Edward II,1991,https://boxd.it/TVA
2021-01-19,A Crackup at the Race Riots,2016,https://boxd.it/d9V6
2021-01-20,Our Lady of the Turks,1968,https://boxd.it/iZA
2021-01-21,DAU. New Man,2020,https://boxd.it/pUzq
2021-01-22,A Letter to Elia,2010,https://boxd.it/32e
2021-01-23,Post Tenebras Lux,2012,https://boxd.it/3wTs
2021-01-23,Anatomy of a Murder,1959,https://boxd.it/2baa
2021-01-25,Pretend It's a City,2021,https://boxd.it/tlWs
2021-01-26,Pusher II: With Blood on My Hands,2004,https://boxd.it/1U7y
2021-01-27,Repulsion,1965,https://boxd.it/1TKu
2021-01-28,Days of Heaven,1978,https://boxd.it/1JRg
2021-01-28,Promising Young Woman,2020,https://boxd.it/loRE
2021-01-29,Flight to Fury,1964,https://boxd.it/6vqK
2021-01-30,Fear X,2003,https://boxd.it/17Jo
2021-01-30,To Die For,1995,https://boxd.it/2a5o
2021-01-31,Model,1981,https://boxd.it/3OTA
2021-01-31,Salomé,1972,https://boxd.it/5f2g
2021-02-01,Public Speaking,2010,https://boxd.it/toU
2021-02-01,Liza with a Z,1972,https://boxd.it/38cO
2021-02-02,Pusher III,2005,https://boxd.it/1U7e
2021-02-03,The Diary of a Chambermaid,1946,https://boxd.it/Q4I
2021-02-03,Sound of Metal,2019,https://boxd.it/i7Q4
2021-02-04,The Masque of the Red Death,1964,https://boxd.it/1w12
2021-02-04,Laura,1944,https://boxd.it/27Oq
2021-02-06,Malcolm & Marie,2021,https://boxd.it/r5cO
2021-02-07,Rifkin's Festival,2020,https://boxd.it/mp8s
2021-02-08,Two-Lane Blacktop,1971,https://boxd.it/1sfE
2021-02-09,Something Organic,1998,https://boxd.it/9Wpg
2021-02-12,The Shooting,1966,https://boxd.it/Wf8
2021-02-13,News of the World,2020,https://boxd.it/lm7a
2021-02-15,Death and the Maiden,1994,https://boxd.it/1W26
2021-02-17,The Pornographer,2001,https://boxd.it/1LeK
2021-02-18,No Way Out,1950,https://boxd.it/1pBC
2021-02-19,"China 9, Liberty 37",1978,https://boxd.it/1ADY
2021-02-20,Saint Maud,2019,https://boxd.it/l8QA
2021-02-21,Michael Clayton,2007,https://boxd.it/2466
2021-02-22,Judas and the Black Messiah,2021,https://boxd.it/lsew
2021-02-22,Tabu,2012,https://boxd.it/3h40
2021-02-23,Interstella 5555: The 5tory of the 5ecret 5tar 5ystem,2003,https://boxd.it/1ULy
2021-02-23,Shiva Baby,2020,https://boxd.it/oIv0
2021-02-24,4:44 Last Day on Earth,2011,https://boxd.it/34SQ
2021-02-25,Hannah and Her Sisters,1986,https://boxd.it/23jy
2021-02-25,Crimes and Misdemeanors,1989,https://boxd.it/1Ty4
2021-02-25,Deconstructing Harry,1997,https://boxd.it/26xe
2021-02-25,Zelig,1983,https://boxd.it/1UOC
2021-02-25,Manhattan Murder Mystery,1993,https://boxd.it/1Wg8
2021-02-25,Manhattan,1979,https://boxd.it/29Na
2021-02-25,Whatever Works,2009,https://boxd.it/1FoE
2021-02-25,Safe,1995,https://boxd.it/1gKU
2021-02-26,Sweet and Lowdown,1999,https://boxd.it/1Y3K
2021-02-26,Broadway Danny Rose,1984,https://boxd.it/1Rie
2021-02-26,Match Point,2005,https://boxd.it/2b6s
2021-02-26,Love and Death,1975,https://boxd.it/1TeS
2021-02-26,The Purple Rose of Cairo,1985,https://boxd.it/1VeU
2021-02-26,Radio Days,1987,https://boxd.it/1kms
2021-02-26,Interiors,1978,https://boxd.it/1LlQ
2021-02-26,Vincere,2009,https://boxd.it/1lJC
2021-02-27,The New World,2005,https://boxd.it/1TVW
2021-02-28,True Romance,1993,https://boxd.it/2aBa
2021-02-28,Iguana,1988,https://boxd.it/5McI
2021-03-01,Sebastiane,1976,https://boxd.it/Xog
2021-03-01,Central Park,1989,https://boxd.it/2q1M
2021-03-01,Hôtel du Nord,1938,https://boxd.it/ICW
2021-03-02,Whiplash,2014,https://boxd.it/7bQA
2021-03-02,Road to Nowhere,2010,https://boxd.it/Wea
2021-03-03,Grave of the Fireflies,1988,https://boxd.it/1RUM
2021-03-03,To the Wonder,2012,https://boxd.it/gpU
2021-03-04,The Tempest,1979,https://boxd.it/3z0U
2021-03-05,Based on a True Story,2017,https://boxd.it/eGvW
2021-03-06,Sweet Smell of Success,1957,https://boxd.it/29aW
2021-03-07,Theory of Obscurity: A Film About the Residents,2015,https://boxd.it/axoY
2021-03-08,Near Death,1989,https://boxd.it/3grC
2021-03-09,'R Xmas,2001,https://boxd.it/GQC
2021-03-10,White Men Can't Jump,1992,https://boxd.it/1WWy
2021-03-12,Voyage of Time: Life's Journey,2016,https://boxd.it/34Sw
2021-03-12,Anchorman 2: The Legend Continues,2013,https://boxd.it/3GNk
2021-03-13,The Long Goodbye,1973,https://boxd.it/281O
2021-03-14,Public Housing,1997,https://boxd.it/3OSM
2021-03-14,Cul-de-sac,1966,https://boxd.it/23QW
2021-03-15,The Golden Coach,1952,https://boxd.it/pMe
2021-03-16,Limite,1931,https://boxd.it/20iW
2021-03-17,Tiresia,2003,https://boxd.it/2gkE
2021-03-18,Triumph of the Will,1935,https://boxd.it/145A
2021-03-19,The Angelic Conversation,1985,https://boxd.it/LyS
2021-03-20,Les visiteurs du soir,1942,https://boxd.it/QAa
2021-03-20,3 Women,1977,https://boxd.it/YPs
2021-03-21,The Swimmer,1968,https://boxd.it/1ffG
2021-03-22,The Store,1983,https://boxd.it/3IRo
2021-03-22,Knight of Cups,2015,https://boxd.it/34Qq
2021-03-25,The Thief of Bagdad,1924,https://boxd.it/1ot8
2021-03-25,On War,2008,https://boxd.it/12HM
2021-03-26,Venus in Fur,2013,https://boxd.it/5WhS
2021-03-26,The Fearless Vampire Killers,1967,https://boxd.it/25Ri
2021-03-27,That Cold Day in the Park,1969,https://boxd.it/85s
2021-03-27,One Hamlet Less,1973,https://boxd.it/5Yom
2021-03-28,The Rental,2020,https://boxd.it/lCQ6
2021-03-29,Ludwig,1973,https://boxd.it/25m0
2021-03-30,War Requiem,1989,https://boxd.it/Y7U
2021-03-31,Mary,2005,https://boxd.it/n4
2021-04-01,Cannibal! The Musical,1993,https://boxd.it/1QVE
2021-04-02,My Dinner with Andre,1981,https://boxd.it/1vLe
2021-04-03,California Split,1974,https://boxd.it/1hRs
2021-04-03,The Garden,1990,https://boxd.it/3J5A
2021-04-04,French Cancan,1955,https://boxd.it/Q4y
2021-04-04,11 Minutes,2015,https://boxd.it/a84O
2021-04-05,Il Divo,2008,https://boxd.it/1ZNE
2021-04-05,Loro 1,2018,https://boxd.it/eKwE
2021-04-05,Loro 2,2018,https://boxd.it/iT9C
2021-04-05,Under the Silver Lake,2018,https://boxd.it/dSAs
2021-04-05,Blue 9,1950,https://boxd.it/avpq
2021-04-06,Joint Security Area,2000,https://boxd.it/26Ja
2021-04-07,People Will Talk,1951,https://boxd.it/1zAu
2021-04-08,Master and Commander: The Far Side of the World,2003,https://boxd.it/200S
2021-04-08,Dead Poets Society,1989,https://boxd.it/2aSg
2021-04-08,The Truman Show,1998,https://boxd.it/18U8
2021-04-08,Witness,1985,https://boxd.it/1Z4O
2021-04-08,Thérèse Raquin,1953,https://boxd.it/2f3M
2021-04-09,Song to Song,2017,https://boxd.it/aR5C
2021-04-10,Psycho,1960,https://boxd.it/2ab2
2021-04-10,Rear Window,1954,https://boxd.it/2a6Q
2021-04-10,North by Northwest,1959,https://boxd.it/2aRM
2021-04-10,Rope,1948,https://boxd.it/28yo
2021-04-10,Rebecca,1940,https://boxd.it/2aQa
2021-04-10,Strangers on a Train,1951,https://boxd.it/29tk
2021-04-10,Notorious,1946,https://boxd.it/2aDK
2021-04-10,To Catch a Thief,1955,https://boxd.it/2avm
2021-04-10,The 39 Steps,1935,https://boxd.it/2aKc
2021-04-10,The Man Who Knew Too Much,1956,https://boxd.it/2a5S
2021-04-10,Marnie,1964,https://boxd.it/2afe
2021-04-10,Torn Curtain,1966,https://boxd.it/22zq
2021-04-10,Spellbound,1945,https://boxd.it/24Ji
2021-04-10,Dial M for Murder,1954,https://boxd.it/2adW
2021-04-10,The Birds,1963,https://boxd.it/2a6m
2021-04-10,General Della Rovere,1959,https://boxd.it/VhW
2021-04-10,Dog Eat Dog,2016,https://boxd.it/bYRg
2021-04-10,The Mosquito Coast,1986,https://boxd.it/1UAA
2021-04-10,House of Tolerance,2011,https://boxd.it/2Yjq
2021-04-11,Shadow of a Doubt,1943,https://boxd.it/1BtA
2021-04-11,Au Revoir les Enfants,1987,https://boxd.it/288U
2021-04-12,"Belfast, Maine",1999,https://boxd.it/2YV0
2021-04-13,"Rome, Open City",1945,https://boxd.it/2aD6
2021-04-14,Sweet Deceptions,1960,https://boxd.it/2UkY
2021-04-15,The Sting,1973,https://boxd.it/1Z5s
2021-04-16,Collective,2019,https://boxd.it/mRVi
2021-04-17,Gates of the Night,1946,https://boxd.it/f9G
2021-04-17,Saint Laurent,2014,https://boxd.it/6zHA
2021-04-18,Eden,2014,https://boxd.it/8KNo
2021-04-19,Olympia Part One: Festival of the Nations,1938,https://boxd.it/29PU
2021-04-20,Palms,1994,https://boxd.it/3Wbc
2021-04-21,Él,1953,https://boxd.it/UIM
2021-04-22,The Mole Agent,2020,https://boxd.it/oiRO
2021-04-23,Mind Game,2004,https://boxd.it/1Bv2
2021-04-24,Better Days,2019,https://boxd.it/l9Ke
2021-04-26,The Pink Panther,1963,https://boxd.it/29eO
2021-04-27,Elena and Her Men,1956,https://boxd.it/xek
2021-04-28,Punishment Park,1971,https://boxd.it/1tJK
2021-04-29,Go Go Tales,2007,https://boxd.it/DVO
2021-04-30,The Pride of the Yankees,1942,https://boxd.it/1FCm
2021-05-01,13 Assassins,2010,https://boxd.it/jqc
2021-05-02,Paisan,1946,https://boxd.it/20ay
2021-05-03,World on a Wire,1973,https://boxd.it/xnQ
2021-05-04,Sans Soleil,1983,https://boxd.it/28B8
2021-05-04,Racetrack,1985,https://boxd.it/3OSC
2021-05-06,The Mitchells vs. The Machines,2021,https://boxd.it/i7xm
2021-05-07,Sarah Winchester: Ghost Opera,2016,https://boxd.it/eyiq
2021-05-07,Black Dynamite,2009,https://boxd.it/1wX6
2021-05-07,The Doctor's Horrible Experiment,1959,https://boxd.it/25UG
2021-05-08,Macbeth,1971,https://boxd.it/1U9k
2021-05-10,Macbeth,1983,https://boxd.it/3Qyu
2021-05-11,Chelsea on the Rocks,2008,https://boxd.it/3ZvO
2021-05-12,Moebius,1996,https://boxd.it/13Vg
2021-05-12,Five Easy Pieces,1970,https://boxd.it/1tww
2021-05-14,The Seduction of Mimi,1972,https://boxd.it/pOu
2021-05-14,In a Lonely Place,1950,https://boxd.it/1JgO
2021-05-15,Hand Gun,1994,https://boxd.it/97Ek
2021-05-15,Macbeth,1948,https://boxd.it/1qKA
2021-05-17,Picnic on the Grass,1959,https://boxd.it/VhM
2021-05-19,The Day a Pig Fell Into the Well,1996,https://boxd.it/33ze
2021-05-21,Olympia Part Two: Festival of Beauty,1938,https://boxd.it/29OW
2021-05-22,Germany Year Zero,1948,https://boxd.it/20FG
2021-05-22,Sucker Punch,2011,https://boxd.it/1yYg
2021-05-22,The Matrix,1999,https://boxd.it/2a1m
2021-05-22,Cloud Atlas,2012,https://boxd.it/2W60
2021-05-22,Speed Racer,2008,https://boxd.it/20UQ
2021-05-22,The Matrix Reloaded,2003,https://boxd.it/2a1c
2021-05-22,The Matrix Revolutions,2003,https://boxd.it/2a12
2021-05-22,WALL·E,2008,https://boxd.it/1VEo
2021-05-22,A Bug's Life,1998,https://boxd.it/1Yyy
2021-05-22,Zootopia,2016,https://boxd.it/84xS
2021-05-22,The Incredibles,2004,https://boxd.it/1XLm
2021-05-22,Wag the Dog,1997,https://boxd.it/2a3W
2021-05-22,Adjustment & Work,1986,https://boxd.it/3OLw
2021-05-23,Under the Cold Stars,2020,https://boxd.it/o4lO
2021-05-23,The End of the Track,1970,https://boxd.it/j09u
2021-05-24,Nocturama,2016,https://boxd.it/dfdk
2021-05-25,What?,1972,https://boxd.it/2QS8
2021-05-26,Harry Potter and the Prisoner of Azkaban,2004,https://boxd.it/29Qy
2021-05-26,Harry Potter and the Philosopher's Stone,2001,https://boxd.it/29QS
2021-05-26,Harry Potter and the Chamber of Secrets,2002,https://boxd.it/29QI
2021-05-26,Harry Potter and the Goblet of Fire,2005,https://boxd.it/29Qo
2021-05-26,The Day of the Beast,1995,https://boxd.it/1Vyg
2021-05-26,Y Tu Mamá También,2001,https://boxd.it/28QM
2021-05-27,Burn After Reading,2008,https://boxd.it/23BW
2021-05-29,The Power of Kangwon Province,1998,https://boxd.it/33zo
2021-05-30,8½,1963,https://boxd.it/2aqm
2021-05-30,La Dolce Vita,1960,https://boxd.it/2anC
2021-05-30,Amarcord,1973,https://boxd.it/20NA
2021-05-30,My Friends,1975,https://boxd.it/1CI2
2021-05-30,L'amore,1948,https://boxd.it/UsO
2021-06-06,Wrong Cops,2013,https://boxd.it/4YkW
2021-06-06,The Informant!,2009,https://boxd.it/1U8c
2021-06-06,Che: Part One,2008,https://boxd.it/1ZGe
2021-06-06,Che: Part Two,2008,https://boxd.it/1ZGo
2021-06-06,The Limey,1999,https://boxd.it/1Woc
2021-06-07,Stromboli,1950,https://boxd.it/24Js
2021-06-07,Virgin Stripped Bare by Her Bachelors,2000,https://boxd.it/tFw
2021-06-08,"Napoli, Napoli, Napoli",2009,https://boxd.it/3lY2
2021-06-09,Multi-Handicapped,1986,https://boxd.it/3OTq
2021-06-10,A Scene at the Sea,1991,https://boxd.it/1z10
2021-06-12,The Flowers of St. Francis,1950,https://boxd.it/oTS
2021-06-13,Happy Together,1997,https://boxd.it/1Ha0
2021-06-15,2046,2004,https://boxd.it/29tu
2021-06-15,Chungking Express,1994,https://boxd.it/1UDa
2021-06-17,Nostalgia for the Light,2010,https://boxd.it/2nGM
2021-06-19,The Pearl Button,2015,https://boxd.it/amQs
2021-06-19,Europe '51,1952,https://boxd.it/Zji
2021-06-20,Bo Burnham: Inside,2021,https://boxd.it/v2uy
2021-06-20,Mulberry St.,2010,https://boxd.it/3yQU
2021-06-21,Luca,2021,https://boxd.it/ipjC
2021-06-22,Lone Star,1996,https://boxd.it/1tge
2021-06-24,The Life of Jesus,1997,https://boxd.it/1sBg
2021-06-26,Journey to Italy,1954,https://boxd.it/26o2
2021-06-28,A Quiet Place,2018,https://boxd.it/fVJQ
2021-06-29,Humanité,1999,https://boxd.it/3Zq
2021-06-30,Hadewijch,2009,https://boxd.it/2nm8
2021-07-01,The Enclosed Valley,1995,https://boxd.it/5ytg
2021-07-02,On the Occasion of Remembering the Turning Gate,2002,https://boxd.it/wYm
2021-07-03,The Lady from Shanghai,1947,https://boxd.it/251Q
2021-07-03,The Magnificent Ambersons,1942,https://boxd.it/29bK
2021-07-04,Four of the Apocalypse,1975,https://boxd.it/Hsw
2021-07-05,The Lion King,1994,https://boxd.it/201Q
2021-07-05,Where Is Freedom?,1954,https://boxd.it/2xla
2021-07-06,Wheel of Fortune and Fantasy,2021,https://boxd.it/tWcm
2021-07-08,"Camille Claudel, 1915",2013,https://boxd.it/3IoQ
2021-07-08,Breaking Away,1979,https://boxd.it/1DMO
2021-07-09,Close-Up,1990,https://boxd.it/1m9q
2021-07-10,Mediterraneo,1991,https://boxd.it/16qK
2021-07-11,For Lucio,2021,https://boxd.it/sn4q
2021-07-13,Marrakech Express,1989,https://boxd.it/Z1o
2021-07-14,Mother,2009,https://boxd.it/1m9g
2021-07-15,Jeannette: The Childhood of Joan of Arc,2017,https://boxd.it/dZ4I
2021-07-18,Wonderstruck,2017,https://boxd.it/dmG4
2021-07-19,"Summer of Soul (...or, When the Revolution Could Not Be Televised)",2021,https://boxd.it/tbhu
2021-07-21,Pasolini,2014,https://boxd.it/8LIk
2021-07-23,Bad Luck Banging or Loony Porn,2021,https://boxd.it/tJOM
2021-07-24,Tess,1979,https://boxd.it/1UAq
2021-07-24,Fallen Angels,1995,https://boxd.it/1UkW
2021-07-25,Blind,1986,https://boxd.it/4emW
2021-07-25,The Last Emperor,1987,https://boxd.it/29Ji
2021-07-25,Last Tango in Paris,1972,https://boxd.it/28pw
2021-07-25,JFK,1991,https://boxd.it/29xm
2021-07-26,Old,2021,https://boxd.it/npKI
2021-07-26,The Spider's Stratagem,1970,https://boxd.it/WvA
2021-07-26,India: Matri Bhumi,1959,https://boxd.it/4d5A
2021-07-27,Days of Being Wild,1990,https://boxd.it/1HbC
2021-07-29,Nixon,1995,https://boxd.it/1Vds
2021-07-29,Any Given Sunday,1999,https://boxd.it/1YmC
2021-07-30,Dark Waters,2019,https://boxd.it/kaYu
2021-08-01,The Stranger,1946,https://boxd.it/1DP4
2021-08-03,Joan of Arc,2019,https://boxd.it/jGfE
2021-08-05,Woman Is the Future of Man,2004,https://boxd.it/1K4O
2021-08-06,Flanders,2006,https://boxd.it/1bek
2021-08-07,The Suicide Squad,2021,https://boxd.it/fw6O
2021-08-07,Alive in France,2017,https://boxd.it/gazc
2021-08-18,Free Guy,2021,https://boxd.it/k8dm
2021-08-19,Tenacious D in The Pick of Destiny,2006,https://boxd.it/27go
2021-08-19,Tale of Cinema,2005,https://boxd.it/31H6
2021-08-20,The Distinguished Citizen,2016,https://boxd.it/enGc
2021-08-20,After Lucia,2012,https://boxd.it/491O
2021-08-23,The Measure of a Man,2015,https://boxd.it/aNgQ
2021-08-25,9 Lives of a Wet Pussycat,1976,https://boxd.it/8mMQ
2021-08-26,Il Grido,1957,https://boxd.it/10ig
2021-08-26,L'Avventura,1960,https://boxd.it/23hs
2021-08-27,The Man Who Surprised Everyone,2018,https://boxd.it/jAPc
2021-08-28,The Visit,2015,https://boxd.it/9ssO
2021-08-29,Welcome to New York,2014,https://boxd.it/5XhO
2021-08-29,Piazza Vittorio,2017,https://boxd.it/gYJm
2021-08-29,At War,2018,https://boxd.it/hscM
2021-08-31,The Sparks Brothers,2021,https://boxd.it/tboq
2021-09-01,It Was Yesterday,2016,https://boxd.it/f5SG
2021-09-01,Karmalink,2021,https://boxd.it/vpCA
2021-09-01,The Cathedral,2021,https://boxd.it/wgls
2021-09-02,Pietro il grande,2021,https://boxd.it/wAPC
2021-09-02,Heltzear,2021,https://boxd.it/wh1S
2021-09-02,Sandstorm,2021,https://boxd.it/wh1I
2021-09-02,The Shift,2021,https://boxd.it/wh2c
2021-09-02,"Hair Tie, Egg, Homework Books",2021,https://boxd.it/wh22
2021-09-02,The Boob Fairy,2021,https://boxd.it/wh2G
2021-09-02,The Night,2021,https://boxd.it/wgka
2021-09-02,The Power of the Dog,2021,https://boxd.it/m99E
2021-09-02,Parallel Mothers,2021,https://boxd.it/sOP4
2021-09-02,Promises,2021,https://boxd.it/tATI
2021-09-03,Atlantide,2021,https://boxd.it/wg8I
2021-09-03,The Lost Daughter,2021,https://boxd.it/kgww
2021-09-03,The Card Counter,2021,https://boxd.it/nTH0
2021-09-03,The Hand of God,2021,https://boxd.it/r5uI
2021-09-04,The Hole in the Fence,2021,https://boxd.it/wgmg
2021-09-04,Spencer,2021,https://boxd.it/qPMG
2021-09-04,Il buco,2021,https://boxd.it/ozry
2021-09-04,Dune,2021,https://boxd.it/fA7G
2021-09-05,Amira,2021,https://boxd.it/tXl0
2021-09-05,Sundown,2021,https://boxd.it/wgbs
2021-09-05,Last Night in Soho,2021,https://boxd.it/lbJC
2021-09-05,Official Competition,2021,https://boxd.it/oUKm
2021-09-06,The Inner Cage,2021,https://boxd.it/sRXq
2021-09-06,Peacock’s Paradise,2021,https://boxd.it/vo1y
2021-09-06,Happening,2021,https://boxd.it/tRts
2021-09-06,Mona Lisa and the Blood Moon,2021,https://boxd.it/iXY0
2021-09-06,Lost Illusions,2021,https://boxd.it/oxSW
2021-09-07,The Great Movement,2021,https://boxd.it/wgne
2021-09-07,Reflection,2021,https://boxd.it/vf4e
2021-09-07,The Box,2021,https://boxd.it/mPoG
2021-09-08,The Queen of Hearts,2021,https://boxd.it/wQu6
2021-09-08,Life of Crime: 1984-2020,2021,https://boxd.it/wg9m
2021-09-08,Once Upon a Time in Calcutta,2021,https://boxd.it/qYA0
2021-09-08,Captain Volkonogov Escaped,2021,https://boxd.it/uQa2
2021-09-08,Old Henry,2021,https://boxd.it/ty1u
2021-09-08,The King of Laughter,2021,https://boxd.it/oTtO
2021-09-09,Semiotic Plastic,2021,https://boxd.it/wgk0
2021-09-09,Django & Django: Sergio Corbucci Unchained,2021,https://boxd.it/wgjG
2021-09-09,The 7 Days of Bergamo,2021,https://boxd.it/wghK
2021-09-09,Giulia,2021,https://boxd.it/wkVY
2021-09-09,Freaks Out,2021,https://boxd.it/kYWS
2021-09-10,INU-OH,2021,https://boxd.it/nQDE
2021-09-10,On the Job: The Missing 8,2021,https://boxd.it/u7Yw
2021-09-10,America Latina,2021,https://boxd.it/uovQ
2021-09-11,Anatomy of Time,2021,https://boxd.it/tXjS
2021-09-11,Leave No Traces,2021,https://boxd.it/tFwO
2021-09-11,Another World,2021,https://boxd.it/oJ0i
2021-09-12,Hungry Hearts,2014,https://boxd.it/8LI0
2021-09-12,Coriandoli,2021,https://boxd.it/wkVa
2021-09-13,The Projectionist,2019,https://boxd.it/lHTO
2021-09-14,Othello,1951,https://boxd.it/K5A
2021-09-16,Marx Can Wait,2021,https://boxd.it/teVs
2021-09-17,Viva l'Italia!,1961,https://boxd.it/61JW
2021-09-18,Mr. Arkadin,1955,https://boxd.it/SZc
2021-09-18,The Immortal Story,1968,https://boxd.it/2YZ2
2021-09-18,Prince - Sign o' the Times,1987,https://boxd.it/16AA
2021-09-19,Filming Othello,1978,https://boxd.it/3T3Y
2021-09-19,The Caiman,2006,https://boxd.it/1jqe
2021-09-19,Candyman,1992,https://boxd.it/1Ys6
2021-09-20,Woodstock,1970,https://boxd.it/1YCU
2021-09-20,Summer Interlude,1951,https://boxd.it/KDC
2021-09-20,Good Morning,1959,https://boxd.it/2lkk
2021-09-21,Missile,1988,https://boxd.it/46fS
2021-09-21,The Death of David Cronenberg,2021,https://boxd.it/x1EG
2021-09-22,Raw,2016,https://boxd.it/dLd2
2021-09-23,Summer with Monika,1953,https://boxd.it/JZC
2021-09-24,Far from Heaven,2002,https://boxd.it/1VzS
2021-09-24,Velvet Goldmine,1998,https://boxd.it/2878
2021-09-24,Frantic,1988,https://boxd.it/1VFm
2021-09-24,The Ghost Writer,2010,https://boxd.it/1TQW
2021-09-24,Carnage,2011,https://boxd.it/2peU
2021-09-24,The Taking of Power by Louis XIV,1966,https://boxd.it/2uMM
2021-09-25,Zeros and Ones,2021,https://boxd.it/sDyG
2021-09-26,A Hero,2021,https://boxd.it/p2zw
2021-09-26,The Salesman,2016,https://boxd.it/d2we
2021-09-26,The Worst Person in the World,2021,https://boxd.it/oyws
2021-09-26,The Giants,2021,https://boxd.it/vVEy
2021-09-27,Drive My Car,2021,https://boxd.it/sv94
2021-09-27,A Chiara,2021,https://boxd.it/vqsm
2021-09-28,We Have a Pope,2011,https://boxd.it/dai
2021-09-29,Bitter Moon,1992,https://boxd.it/1W76
2021-09-30,Annette,2021,https://boxd.it/f0RS
2021-09-30,Mia madre,2015,https://boxd.it/abCO
2021-10-01,Titane,2021,https://boxd.it/nlQC
2021-10-02,The Girl with the Dragon Tattoo,2011,https://boxd.it/2Pa
2021-10-02,The Curious Case of Benjamin Button,2008,https://boxd.it/23Fk
2021-10-02,Inside Llewyn Davis,2013,https://boxd.it/34Ro
2021-10-03,Seven Psychopaths,2012,https://boxd.it/34PW
2021-10-04,Woman on the Beach,2006,https://boxd.it/tKm
2021-10-05,Underworld,1927,https://boxd.it/WA6
2021-10-06,Breathless,1960,https://boxd.it/2aIK
2021-10-06,Kill List,2011,https://boxd.it/2z4g
2021-10-06,The Zero Theorem,2013,https://boxd.it/4WDW
2021-10-06,Can You Ever Forgive Me?,2018,https://boxd.it/e7x4
2021-10-08,Blaise Pascal,1972,https://boxd.it/FAo
2021-10-09,France,2021,https://boxd.it/mdP0
2021-10-16,The Phantom Carriage,1921,https://boxd.it/l4s
2021-10-19,No Time to Die,2021,https://boxd.it/cPX2
2021-10-20,Three Floors,2021,https://boxd.it/mv2K
2021-10-21,The Last Duel,2021,https://boxd.it/mQbe
2021-10-24,The Meaning of Life,1983,https://boxd.it/249E
2021-11-02,Zero Dark Thirty,2012,https://boxd.it/3n1w
2021-11-07,The Age of the Medici,1972,https://boxd.it/3U4S
2021-11-08,Days,2020,https://boxd.it/oEE8
2021-11-08,Twentynine Palms,2003,https://boxd.it/1tug
2021-11-08,The Seventh Seal,1957,https://boxd.it/2ahO
2021-11-09,Jezebel,1938,https://boxd.it/27IM
2021-11-10,My Life as a Zucchini,2016,https://boxd.it/dL2y
2021-11-10,Smiles of a Summer Night,1955,https://boxd.it/1TcM
2021-11-12,The Best Years of Our Lives,1946,https://boxd.it/29my
2021-11-13,Aspen,1991,https://boxd.it/6A0W
2021-11-14,The Messiah,1975,https://boxd.it/20ao
2021-11-15,The Docks of New York,1928,https://boxd.it/29mS
2021-11-17,Wild Strawberries,1957,https://boxd.it/29ZU
2021-11-17,The Seventh Continent,1989,https://boxd.it/1gB4
2021-11-18,Wuthering Heights,1939,https://boxd.it/25Mi
2021-11-19,The Magician,1958,https://boxd.it/1nse
2021-11-20,"Lemmings, Part 1 – Arcadia",1979,https://boxd.it/4IEc
2021-11-21,The French Dispatch,2021,https://boxd.it/jLP8
2021-11-22,The Letter,1940,https://boxd.it/1I3Y
2021-11-24,"Lemmings, Part 2 – Injuries",1979,https://boxd.it/4IE2
2021-11-25,Brink of Life,1958,https://boxd.it/eXg
2021-11-26,The Little Foxes,1941,https://boxd.it/Tym
2021-11-29,"Planes, Trains and Automobiles",1987,https://boxd.it/26zE
2021-12-10,West Side Story,1961,https://boxd.it/28dK
2021-12-11,Julius Caesar,1953,https://boxd.it/1HHy
2021-12-13,Don't Look Up,2021,https://boxd.it/o0Hc
2021-12-18,Get Out,2017,https://boxd.it/eOCm
2021-12-20,The Zen Diaries of Garry Shandling,2018,https://boxd.it/hYpI
2021-12-21,No Sudden Move,2021,https://boxd.it/o7WS
2021-12-22,Benny's Video,1992,https://boxd.it/27Hk
2021-12-25,Machete,2010,https://boxd.it/1yXW
2021-12-26,Kikujiro,1999,https://boxd.it/24xc
2021-12-26,Fireworks,1997,https://boxd.it/22mQ
2021-12-29,The Beatles: Get Back,2021,https://boxd.it/xo7A
2022-01-02,West Side Story,2021,https://boxd.it/iwt0
2022-01-04,Compartment No. 6,2021,https://boxd.it/lEty
2022-01-05,Outside Satan,2011,https://boxd.it/3a0U
2022-01-06,House of Gucci,2021,https://boxd.it/nVkC
2022-01-07,Mrs. Miniver,1942,https://boxd.it/1rXA
2022-01-08,The Virgin Spring,1960,https://boxd.it/1TjI
2022-01-08,71 Fragments of a Chronology of Chance,1994,https://boxd.it/1gAU
2022-01-09,The Adventures of Tintin,2011,https://boxd.it/1Irc
2022-01-09,The Last Command,1928,https://boxd.it/ynM
2022-01-10,Targets,1968,https://boxd.it/1Fbq
2022-01-11,Her,2013,https://boxd.it/4O24
2022-01-11,DAU. The Empire. Novel One: Return Of The Prodigal Son,2020,https://boxd.it/qaOm
2022-01-13,The Devil's Eye,1960,https://boxd.it/JaO
2022-01-14,Kingdom of Heaven,2005,https://boxd.it/28Gs
2022-01-15,The Tragedy of Macbeth,2021,https://boxd.it/lMi4
2022-01-16,The Heiress,1949,https://boxd.it/1pi6
2022-01-16,Funny Games,1997,https://boxd.it/1WKM
2022-01-16,Through a Glass Darkly,1961,https://boxd.it/1TrW
2022-01-16,"Paris, Texas",1984,https://boxd.it/29Ts
2022-01-17,Detective Story,1951,https://boxd.it/1CPi
2022-01-17,Winter Light,1963,https://boxd.it/1nrU
2022-01-17,The Last Picture Show,1971,https://boxd.it/1weg
2022-01-18,Funny Games,2007,https://boxd.it/207a
2022-01-18,The Piano Teacher,2001,https://boxd.it/2886
2022-01-18,Code Unknown,2000,https://boxd.it/1kaw
2022-01-18,A Perfect Day,2015,https://boxd.it/ard6
2022-01-18,Time of the Wolf,2003,https://boxd.it/1y7w
2022-01-18,Caché,2005,https://boxd.it/2amY
2022-01-19,Licorice Pizza,2021,https://boxd.it/qTKY
2022-01-20,Slack Bay,2016,https://boxd.it/cTOI
2022-01-22,Diabolik,2021,https://boxd.it/lRIQ
2022-01-24,Scream,1996,https://boxd.it/24EC
2022-01-24,Scream 2,1997,https://boxd.it/24Es
2022-01-24,Scream 3,2000,https://boxd.it/24Ei
2022-01-24,Scream 4,2011,https://boxd.it/Zmc
2022-01-26,Vampyr,1932,https://boxd.it/29DY
2022-01-26,It Comes at Night,2017,https://boxd.it/eLuk
2022-01-28,The Conversation,1974,https://boxd.it/2a38
2022-01-28,The Godfather: Part II,1974,https://boxd.it/2aNq
2022-01-28,The Godfather,1972,https://boxd.it/2aNK
2022-01-28,Clerks,1994,https://boxd.it/2706
2022-01-28,Chasing Amy,1997,https://boxd.it/274W
2022-01-28,Dogma,1999,https://boxd.it/284e
2022-01-28,Jay and Silent Bob Strike Back,2001,https://boxd.it/26ZM
2022-01-28,Red State,2011,https://boxd.it/I9g
2022-01-28,The Ninth Gate,1999,https://boxd.it/29YM
2022-01-29,Nightmare Alley,1947,https://boxd.it/1Fya
2022-01-29,Mystic River,2003,https://boxd.it/2aAG
2022-01-31,Black Girl,1966,https://boxd.it/3jIQ
2022-02-01,The White Ribbon,2009,https://boxd.it/17eU
2022-02-02,The Matrix Resurrections,2021,https://boxd.it/n87k
2022-02-03,Andrei Rublev,1966,https://boxd.it/29lg
2022-02-04,Ivan's Childhood,1962,https://boxd.it/1j6y
2022-02-05,The Man Who Wasn't There,2001,https://boxd.it/1Vqc
2022-02-07,Scream,2022,https://boxd.it/o0lg
2022-02-08,The Desperate Hours,1955,https://boxd.it/1GCC
2022-02-09,Ben-Hur,1959,https://boxd.it/29RQ
2022-02-09,Zoo,1993,https://boxd.it/3OS8
2022-02-10,Nightmare Alley,2021,https://boxd.it/m0HC
2022-02-11,Sunset Boulevard,1950,https://boxd.it/2a20
2022-02-11,Moby Dick,1956,https://boxd.it/1Wvi
2022-02-11,Patton,1970,https://boxd.it/1UnQ
2022-02-11,Bubba Ho-tep,2002,https://boxd.it/1Y02
2022-02-11,Roman Holiday,1953,https://boxd.it/29zW
2022-02-12,Thunderbolt,1929,https://boxd.it/1rLu
2022-02-12,The Silence,1963,https://boxd.it/1TH6
2022-02-13,Family Nest,1979,https://boxd.it/IKG
2022-02-13,The Odd Couple,1968,https://boxd.it/1U32
2022-02-13,Logan,2017,https://boxd.it/7Piy
2022-02-13,Bridge of Spies,2015,https://boxd.it/9n9C
2022-02-13,Munich,2005,https://boxd.it/2a0e
2022-02-13,The Terminal,2004,https://boxd.it/2a2O
2022-02-13,Minority Report,2002,https://boxd.it/2aWi
2022-02-13,Raiders of the Lost Ark,1981,https://boxd.it/2bbs
2022-02-13,Jaws,1975,https://boxd.it/2a5e
2022-02-13,Pirates,1986,https://boxd.it/1TKa
2022-02-14,Traffic,2000,https://boxd.it/27Ue
2022-02-14,Side Effects,2013,https://boxd.it/3GA6
2022-02-14,Ocean's Thirteen,2007,https://boxd.it/2aEy
2022-02-14,Ocean's Eleven,2001,https://boxd.it/2aZm
2022-02-14,Contagion,2011,https://boxd.it/13rq
2022-02-14,Ocean's Twelve,2004,https://boxd.it/2aZ2
2022-02-14,Nostalgia,1983,https://boxd.it/28Qi
2022-02-14,Kimi,2022,https://boxd.it/u7LW
2022-02-15,Two for the Road,1967,https://boxd.it/22AI
2022-02-15,Mirror,1975,https://boxd.it/28Q8
2022-02-16,The Sacrifice,1986,https://boxd.it/1xg8
2022-02-21,Leonora addio,2022,https://boxd.it/uYFC
2022-02-21,When You're Strange,2009,https://boxd.it/17OI
2022-02-22,Night and Day,2008,https://boxd.it/lGG
2022-02-23,All These Women,1964,https://boxd.it/3kGG
2022-02-24,The Blue Angel,1930,https://boxd.it/2aPm
2022-02-25,The Big Country,1958,https://boxd.it/1RQU
